20000,30000,40000,50000,60000,70000,80000,90000,100000,150000,200000,250000,300000,350000,400000,450000,500000,550000,600000,650000,700000,750000,800000,850000,900000,950000,1000000,xMin,xMax,xStep
0.03437457611790992,0.003203017387310267,8.494576196923512e-5,3.333846577047515e-10,5.023085684393031e-17,3.9637555296659864e-6,4.5761610077683856e-7,1.1264256559054928e-15,3.711063702610119e-11,1.9258477243487077e-15,4.2584630476175395e-27,5.968628061986808e-33,3.3154302693547438e-43,5.289655005393938e-46,1.361664879639529e-42,2.6035520504852353e-68,2.104082758418196e-53,1.169318634715999e-66,1.039456105987493e-79,7.348497306441591e-73,2.2531391617750466e-89,5.171801105651819e-99,1.3728534708074099e-92,2.8314028517817123e-111,7.419114163650489e-93,7.118292433948393e-135,8.39038434631604e-147,0,180,15
0.003085447248241853,0.00034346998926532255,0.0059534362273866125,1.2221734906305746e-10,1.665517694873699e-11,2.680210964935272e-9,1.1860845768635795e-11,2.6607493076230648e-17,2.4808402623638104e-21,1.1578191341411053e-30,1.106314000091802e-24,6.524287715995622e-32,1.8110406458680883e-27,2.117660714876902e-40,2.0517464336181052e-50,6.069010440047718e-70,1.7663107852833677e-88,2.3820428194715042e-67,4.174104947339655e-105,1.7725911883563022e-73,2.3655016491599817e-97,3.04388281529755e-98,1.553643966002623e-115,2.8495728223826086e-113,2.639981677694247e-121,3.8409374657023393e-109,4.395537461117197e-128,0,180,15
0.0022183831501125222,0.00021070231126723972,2.071080112877403e-16,1.6564236976991023e-8,4.69941914494602e-10,3.823862735301914e-7,3.984335676894688e-14,1.5099108725153303e-15,9.270792456679355e-18,3.451814481096264e-17,2.8842339332975285e-42,7.946299000824825e-34,8.148330090848173e-43,5.209141064270715e-34,2.3430660135389325e-39,3.0001127891597702e-71,2.943717347631031e-52,1.3212990588536247e-71,9.867634408659865e-89,1.6379581835417206e-118,3.1676941475610337e-83,1.602637812599887e-93,2.9836767711384686e-107,1.2891511172523177e-105,2.2966458037865337e-115,1.4983149683073191e-123,3.045024241694939e-127,0,180,15
7.660698100538651e-8,0.009061366634825124,0.0005093131827844452,2.1459025705840664e-17,2.661644888686204e-9,3.274985160914395e-7,5.790645362766932e-6,3.963304932740983e-17,5.979054375603566e-9,5.314431490347348e-16,1.52663204525895e-28,6.408521829924911e-39,4.351315972083795e-28,1.6021459131467504e-64,2.0404895044251986e-48,2.9786850823119794e-50,3.487321419245731e-73,5.154722756314339e-67,1.2423273408881292e-89,7.09202774438174e-100,1.3781273430523403e-96,9.265259247037262e-133,2.964609329488682e-119,7.541703605288832e-103,6.07696229782897e-113,1.92147056607657e-144,3.5791613921520263e-146,0,180,15
0.011987507146757772,1.2536152434508457e-9,3.4325392382909254e-12,3.2201352252374293e-6,1.631258371619127e-17,7.076804882366211e-10,1.1577107335452887e-9,3.6518756627635526e-9,1.115107352453822e-21,3.0656679376091815e-23,1.4537325115698886e-21,1.9187873969785233e-37,4.114521351312447e-50,8.329275553008146e-41,4.756919521409885e-43,5.086964874496599e-56,1.2363474719902972e-73,7.081581257964043e-79,4.662876280120864e-74,4.3500696422882565e-101,7.975318220419258e-115,1.0178826752578048e-103,5.6311850766899705e-89,4.912865549653473e-127,1.196316442553619e-107,3.721099325805386e-135,1.6681955138208305e-150,0,180,15
4.928452073337182e-8,0.00013743045824462355,7.424264050993241e-9,3.3161108821723875e-6,2.1649424847519407e-5,3.8363238941243266e-15,6.685977833295301e-12,4.107773852891536e-13,4.866242306081859e-19,4.266575621262946e-28,3.451402104982531e-32,6.481972683024933e-44,5.601300866163491e-36,8.45067201846784e-32,1.008598196517695e-57,2.19116923900675e-47,2.8238696090247356e-46,7.835351299552155e-88,1.8684005966443282e-72,1.0564801309641994e-93,1.1084643824102359e-86,1.631462222717559e-82,6.240747178828014e-92,1.9963671601031984e-129,1.082739150892398e-135,2.6797980508597616e-120,1.645720740406304e-123,0,180,15
0.0005431270209961199,0.004189677636488485,1.5339179643209168e-6,3.067675639830208e-10,0.00010914472304602717,5.437435138361302e-10,6.968556616468452e-13,8.234441320868943e-9,1.9074366730589483e-16,2.8917574697667594e-15,2.128532720547452e-36,1.1837830254073645e-32,7.238697588922939e-57,1.0126051927923858e-63,1.5105435874484072e-59,1.6315208090656968e-59,6.3213109395721755e-68,2.6598741415133752e-71,2.439502815495186e-75,4.7152524829029226e-79,1.9796836957202693e-105,2.33735984522243e-85,3.633073926372604e-112,2.3367575040772107e-123,2.9268727310233627e-137,7.520765869336496e-112,9.483038992620237e-144,0,180,15
0.031971771256488854,0.03511969345700856,4.855993723808602e-6,5.317863601307084e-8,5.751974822069935e-5,9.207485887533696e-21,3.988460201694479e-10,1.4402217319789575e-22,2.5056528819009315e-17,3.031584442824728e-27,1.8666668388128204e-12,3.902257587811679e-27,6.544327552063641e-27,1.385423764166051e-51,4.3145341310692803e-47,1.0646064952145777e-79,1.4713511757902864e-50,1.1935813022787171e-80,1.1221876157275718e-91,1.2546671566637362e-112,2.366087168562572e-97,1.400309581605697e-98,9.393006531006956e-84,2.085611731118678e-118,2.686429800998617e-135,1.1392747741853676e-128,7.485095871925737e-144,0,180,15
0.00021270971564021798,3.1639155875149757e-11,0.000624280119682762,1.8881096628191312e-7,5.903182284673265e-13,6.802586259810333e-13,4.055705049819637e-19,1.691797882634534e-7,2.6595243876757837e-19,1.1007256651025826e-22,3.3712582438766504e-42,9.755120894414205e-30,3.0697451404804356e-32,4.493596419017372e-27,8.332750418825658e-56,5.647684193825225e-69,4.139259622512309e-71,1.9120885594801675e-72,1.9234104387288511e-85,9.230446791258748e-81,2.2897000571194082e-85,1.0669172527726776e-96,7.60404479215837e-116,2.9606398168944413e-99,7.891968562310966e-144,1.550147923282002e-126,3.481482502673215e-167,0,180,15
2.7965421624553715e-9,0.0021373705445095936,1.54842965363147e-5,7.500346027845594e-7,4.5045360348849824e-8,0.0012021363126686131,1.1709919827186913e-11,3.4423387703132976e-14,2.387593945235509e-17,3.3803306991265116e-17,1.3362908017019386e-29,7.920635441108596e-32,3.576780125864949e-49,4.793143675675435e-46,1.8246979488440854e-61,3.8923394786417326e-53,5.1823540475529544e-55,1.9649132619831894e-72,9.332866579108581e-71,7.850475128790637e-88,3.4392105873221736e-102,1.6217346773533045e-103,2.8586739198637847e-112,1.4448091844250538e-138,6.413608183652666e-117,4.74058508691969e-110,5.366081463110061e-124,0,180,15
2.078655294553515e-5,3.1798395287391405e-7,1.221909463523304e-9,5.062555810198276e-21,7.061518833269341e-9,4.446341924086555e-7,4.4363222637012014e-9,1.424840722999712e-17,3.202583867971879e-12,3.664150849418602e-20,1.0337996243804606e-37,4.192572953079897e-31,1.1229008980684995e-46,1.0356471957116285e-54,5.10095333497955e-38,1.993610144191425e-65,2.9456562280215323e-92,8.047811171445839e-75,1.8844015737939643e-83,2.2349863842216954e-91,1.1194326594443558e-90,2.9811188366544286e-88,1.7691582854743517e-121,4.7054758816684027e-113,2.0055980950608943e-126,1.1837702076208835e-141,1.5354749252268514e-157,0,180,15
0.010224152596474474,0.0015264712917200393,3.179300802531904e-8,1.1526088453254337e-5,2.8096600571642857e-8,1.9330426203968285e-17,3.544925090465706e-15,6.531105975028019e-11,1.045108780268972e-25,3.533580221713071e-20,5.236767856145517e-17,7.506914340914625e-31,1.0259986138211285e-56,2.8055399983773453e-43,4.586816469440769e-47,1.0042254996222966e-60,2.184349490838437e-61,5.07037091547026e-67,2.968039697566557e-84,1.7057440874613957e-85,2.42894843605455e-103,1.0397940658047592e-88,7.059162999927569e-128,1.2568031913710346e-103,4.566162060235174e-132,1.0197879811162445e-146,9.698282896113786e-134,0,180,15
0.00016721394915518206,3.336989113370427e-9,4.648715688488457e-9,4.814538591383541e-10,8.427634997282193e-20,1.3729799286376738e-12,2.5149568961948582e-8,3.9094203414621986e-7,5.546956173355799e-16,1.8089304938331075e-20,4.828570461869074e-12,6.347156141270377e-39,1.28566507767187e-41,5.340188517751646e-51,7.62456944544743e-63,2.5540354580105064e-62,5.331565903918184e-71,7.168219795312893e-66,3.1547254104468057e-79,1.0147821172023182e-101,2.6431943762529107e-86,7.093804965392067e-118,1.2890353174874366e-111,8.47017413828227e-121,2.5120097422771632e-138,4.56707582811334e-143,8.823524048413912e-166,0,180,15
1.1157406616873264e-8,0.0001231117395703664,0.0024775078755635014,5.619768668586772e-6,2.651667205883896e-7,1.4067225744188521e-7,1.0297517099188703e-11,6.230065833193231e-16,1.5465150287019013e-7,2.0421933600831596e-17,2.816737056182585e-23,6.850245031906584e-31,8.494602575184226e-38,2.8095977942279527e-43,2.0726823120880864e-47,1.6508410222567776e-45,7.787282458617817e-61,2.325418370689629e-65,2.5519932427285557e-62,1.2311738022142873e-89,1.1457879470127996e-99,5.086123830058341e-115,7.519503230412933e-97,1.2565887396326448e-128,3.894145119669156e-103,4.879640633284947e-132,7.275122039589791e-132,0,180,15
0.053018089965820366,1.8383248039454363e-7,4.744075566382714e-8,2.034562293268601e-6,1.885945747273174e-15,1.070936941753846e-11,2.9917235884825985e-10,1.273363918434906e-29,1.8652111453953563e-8,2.4730608099730594e-20,1.5802181505188368e-21,1.0049240841943374e-54,9.217103543185556e-42,1.136204828918449e-51,1.8134485864443144e-40,2.945367679799184e-80,1.3500369608359305e-77,3.3509723216867504e-79,1.0204651078211365e-91,4.440410178372303e-86,4.779477339158904e-97,3.623199203295285e-79,2.7307036368414176e-114,1.9088481972310192e-95,2.433764960016015e-141,6.145481971719733e-135,6.421677722100158e-128,0,180,15
0.00047716727086409723,4.3009477926753744e-8,0.0002802256448942378,5.627171669287649e-6,6.920507467294065e-6,3.1227195217044262e-6,4.217722374118266e-5,1.170350668474285e-16,1.6783856633264773e-21,1.2065800627690651e-42,1.3533951522004278e-27,2.3417077219195173e-31,2.0126165054591933e-29,8.282327615823845e-55,1.2067956328592997e-62,1.6817516330740232e-54,1.1052247278333166e-81,4.087963755890261e-70,9.643480916568846e-99,6.313801711031334e-78,6.41313008452923e-107,6.659953253977044e-109,2.1162649450899397e-101,9.222565112194244e-119,3.4002668992430485e-135,6.7945432958522435e-130,1.011607950557626e-133,0,180,15
3.752838891054799e-5,0.00026014045009528793,9.482814223927653e-7,1.3901995320193922e-7,3.1687955607304684e-9,3.000746959246995e-13,3.261839934361485e-13,2.32953968639906e-22,1.6657949327189425e-15,1.944570327132519e-15,3.4185122967772227e-16,8.728254474200838e-21,4.987221193415452e-33,3.7358246798162094e-45,7.453483766689564e-54,2.6940210900626937e-61,2.8688459957322763e-66,1.7802653337756541e-87,1.7523970828268872e-67,2.9686216758426777e-71,1.2430555260561949e-87,4.613001541355121e-102,3.1945808031250807e-98,1.0018852155146923e-118,4.48949989859263e-138,1.871434156159964e-132,8.244787382704633e-131,0,180,15
7.428565207751422e-7,2.564301279963015e-6,2.563495452885987e-6,0.0043704609060358,0.01089674655129474,5.757018674517554e-16,1.2639597435599667e-13,9.970639554233235e-10,1.9373884332536215e-5,1.8392419216579513e-10,1.1297146378627386e-28,3.272042915048497e-33,1.0719275949905814e-35,3.8783215894746e-56,1.332576551161662e-61,5.82617922429525e-67,6.2081370375037436e-61,5.2382599576020074e-79,1.4644223943634516e-73,3.284328285359016e-84,2.6504267439705032e-98,8.10373855835406e-83,1.5033333430824355e-110,1.0351618771833915e-136,2.640725400076509e-118,3.155245773280385e-136,2.870365334706471e-124,0,180,15
5.890275016728946e-5,2.4977887839135105e-5,0.0023999845285530186,2.3027169554333088e-11,0.00011358009183446833,1.4958931299389706e-6,1.7663949228201157e-6,1.5264422251639362e-22,2.676702068526852e-24,8.387550379490568e-19,2.210330724655249e-37,9.920988600748852e-42,2.3637319824609937e-44,8.889919035995696e-38,1.5398207725772163e-42,1.6904859947814792e-62,2.1892435573386437e-75,1.325958091530799e-84,1.560350639051626e-64,4.931500626946056e-82,3.018534816700047e-108,3.1213955340858e-107,1.7600825000676088e-97,8.240120136770335e-104,3.959042588993698e-135,1.606309008306967e-146,5.444150370503402e-150,0,180,15
3.4802727491208236e-7,2.0468131024053587e-5,0.00018646455270248633,2.6150324685005467e-14,3.653815215066736e-21,1.0104185741227661e-6,2.1967968183503618e-8,2.5931857475043244e-19,8.861707295869534e-14,3.819165218671034e-25,4.75252147073358e-19,1.617962347646452e-34,1.4530673826115115e-41,3.7890856582495804e-29,2.117264490842536e-80,4.6768829365633596e-58,3.0773276312494614e-62,1.3400192590246034e-79,1.6269393250857086e-70,1.985685143952042e-98,3.069377412793289e-91,3.4949825992345944e-109,1.4281032373501861e-101,1.5326149389401874e-106,3.1040888650309085e-140,4.666836339097665e-136,3.063816694207073e-114,0,180,15
0.09748642101809983,5.673748640379396e-7,6.693486997184252e-5,2.4992786426952284e-5,1.633168147503361e-5,2.3613470920761586e-10,2.522939480713412e-10,7.606515143786072e-17,1.873508105307888e-15,7.049253760937545e-21,8.024511323334412e-19,4.025751534462098e-51,3.4774576647813754e-53,5.753876923311788e-48,2.1894085233753493e-59,3.902851187800601e-57,2.8734678676539407e-49,4.453772663569745e-83,2.385139764009598e-75,4.213895556455455e-82,2.2745908608684064e-100,1.6407241173629115e-97,1.0058078569629369e-84,5.090068771149265e-106,1.2362050714994558e-126,1.7393725605659438e-161,1.7122549503232175e-124,0,180,15
0.005336238483819038,7.904026570876754e-7,1.789130225121394e-5,1.0168831709410666e-18,0.001332342376710179,1.1700593936052525e-6,6.079340228796523e-10,9.123235156122624e-20,4.2535374575471456e-14,5.242740819067848e-17,6.0110513806640954e-33,1.6192216341274635e-37,2.5454574546193595e-26,1.3238535298089471e-47,2.7217509925989476e-44,7.816137189550315e-48,6.876937344745336e-69,3.74535278928098e-68,1.6614882591112847e-104,1.0764499311559181e-78,6.206429899888573e-92,9.219874909305931e-123,2.6188287907593144e-112,2.3890278652603184e-140,4.276344570347592e-124,9.193328871410959e-138,1.812593869117313e-133,0,180,15
1.5819442576205994e-8,0.00015643974015190062,0.0005220606426109556,1.0784976558849104e-12,7.904841054499131e-11,4.604866637161705e-6,3.7255268715041503e-16,7.195965652272923e-19,1.709571532907123e-16,4.125361985636291e-24,3.2114108768142295e-15,8.536648913717901e-40,2.1838484491450632e-47,8.791993853492933e-50,1.0884838443034718e-52,2.412223067678213e-43,2.411243189099499e-64,1.4712150521835419e-67,5.530229060994896e-108,2.0466416913636093e-90,1.418415808307178e-110,2.759872872297421e-99,1.5330361192628847e-116,1.2972692248512816e-104,1.029744199555574e-129,1.354870142783877e-135,1.3933371892432868e-149,0,180,15
0.0017383587874669417,7.474423152385368e-12,3.5461024418832704e-7,4.255291991452167e-6,0.00029014024790440424,1.8711043762165432e-8,2.373634457938642e-13,2.6967100925675295e-10,1.102557531280484e-14,3.950949231355166e-21,5.864615610930059e-23,3.8417400352371366e-31,5.633214959524088e-37,2.2815355659069755e-32,2.0445524130223065e-48,7.23818637145495e-45,1.2305983614573087e-48,2.0336043518755386e-102,1.3478516245827356e-96,1.2536621050220906e-111,7.991789464562961e-103,1.6305837463743425e-107,2.096010100069102e-113,9.427535244824856e-114,4.5290093695758415e-125,3.2734754395144403e-131,1.2371879459039768e-178,0,180,15
0.010301366963959313,1.5800225839751808e-5,7.296505041030739e-6,5.961713379580997e-9,1.0080265919917093e-5,6.474657788030854e-5,4.1353979428649393e-10,0.001974000834258719,9.888496100160616e-14,1.8108335725862202e-32,5.622007197952205e-18,1.1533664391024354e-33,1.720387548832803e-41,3.5739718715627195e-49,3.3164551586863192e-49,2.9514011515715823e-89,2.462506413724935e-70,2.6869684604201215e-79,1.608590259575774e-80,3.12385149313711e-98,2.6709328632729e-88,1.892692684493352e-105,2.7464255294897673e-105,1.1159246067285824e-113,6.295996332178185e-135,1.2454341477170173e-125,3.1425179428738025e-132,0,180,15
7.417374971967636e-5,2.0055039254825884e-6,0.005001360748135059,9.803792526537783e-8,5.824511471488373e-8,2.2386804161731636e-6,9.896456116295632e-7,1.1137748826432589e-8,2.036826640070085e-16,1.6585117732905848e-16,1.278113147872267e-16,4.400094273184935e-31,3.0900973368875616e-37,1.6322872157880468e-37,3.275578864169524e-87,7.247087050697058e-56,1.0531367707218895e-57,9.771266106895558e-82,2.046527300067722e-105,5.4706739078238765e-111,1.7803104480286793e-87,1.0319465993042365e-93,1.7578458331411344e-128,4.324537414051592e-130,2.0106810349731243e-141,1.347754519675673e-111,5.997621932979913e-125,0,180,15
2.6934471819203604e-7,5.3298462377561204e-8,1.0267228288614338e-5,0.007865423964548552,1.4984162371279577e-8,2.254376909901227e-5,3.2129391574866677e-15,2.4072578995102522e-11,5.560901317678737e-13,2.5842556432218197e-19,4.0371185535443537e-16,1.588502315324435e-23,3.982661374665558e-37,9.256553677234888e-36,8.501645473019787e-50,1.0596643521950655e-64,2.760104583987609e-70,8.717891003970512e-96,4.7493205437513256e-70,4.860049092115345e-112,9.119175412543852e-91,5.9982679537189706e-99,8.013544230496616e-121,2.4187208651937564e-111,3.596478232684685e-92,1.0659025511820224e-128,6.563361211070295e-112,0,180,15
0.00011283415263973333,7.048167207077067e-7,7.639138355266821e-6,2.7580557809507037e-5,2.294490916383122e-8,4.043470167778566e-5,8.173523676949147e-16,7.660949245663033e-11,2.2314944837852696e-6,8.507497901634578e-20,1.796910969833278e-17,6.318050148857345e-30,1.1037123773282527e-32,6.659641903318241e-49,7.044146182939088e-44,1.0242431800855221e-50,6.475557130615899e-58,6.875759345890058e-70,1.9909147778387727e-83,1.2843716337921144e-99,6.168868194635599e-104,2.1866456868622913e-82,6.420546811670692e-127,1.2843543330280477e-116,5.5195534875271886e-126,8.307925340345978e-134,2.281543159055489e-115,0,180,15
0.00043808311126291265,1.457685659976528e-14,0.06403380128890197,3.479223283152256e-12,4.142607775919138e-7,1.8485888739352646e-5,7.116917239145552e-14,4.3070623621136406e-12,2.3217705300362124e-15,5.970445832479573e-29,1.1749302985402876e-28,5.747226982938442e-43,4.092745568108355e-53,1.0025543579743424e-47,7.227596988468397e-65,2.2508633944420208e-67,2.609801469031676e-72,1.1735128074804925e-86,1.1805978945713508e-72,1.3713841318980435e-96,2.952662843271764e-94,3.380336340002465e-87,2.678346200769535e-113,2.0607470173262797e-117,7.910310441670353e-111,1.5763776490658843e-117,4.013401626924678e-149,0,180,15
0.04689287870021505,0.0007018523177423847,1.5241270153784741e-5,2.248339066166571e-6,2.6821894358551503e-6,8.853609894226913e-7,7.466909993244655e-11,2.0862206816480523e-16,8.864100497314066e-15,3.9377682389801435e-10,4.8006125704512385e-21,1.372441630263396e-32,4.06687730370643e-36,1.5583492659333912e-28,3.6078926019779865e-63,4.935991794877112e-73,2.7710690005914913e-70,3.238141546869346e-69,1.5497013742586947e-76,7.372805484585379e-57,2.868953962279082e-118,1.8980265572262717e-94,1.1344573994558688e-116,4.43744296694892e-112,3.3335307483525186e-121,1.0213875341410091e-150,2.345261247832772e-167,0,180,15
0.0003713791142192484,5.111622418962595e-6,5.204846238956104e-9,1.4547403369784952e-7,3.6359878256094586e-6,4.322668530446499e-8,7.718622466981147e-12,4.352198400109104e-15,9.806474038776842e-8,8.827072534467381e-22,1.303976151022425e-31,4.095901700063004e-50,5.33837252628351e-54,3.825358628919261e-47,6.010715239260505e-73,5.760707686600492e-66,5.993708144529698e-67,1.8113907709503898e-70,9.896558917579583e-69,1.7312136484926537e-92,5.774108646871464e-105,5.365257885290239e-106,3.9990682794454315e-70,7.049927420892768e-143,3.913082038973017e-117,5.0187790615827e-137,3.3425666583157054e-146,0,180,15
0.00026147204241047943,0.00848441998397899,1.9437435431545033e-6,3.1412779354997967e-7,0.00015320328953706032,3.604739886906435e-9,1.4096370701585475e-11,7.307152863361303e-13,1.111518107154701e-7,7.003818597819554e-19,1.169498182088418e-29,2.1656853316952663e-28,2.634188485213145e-41,1.0401748221584041e-47,1.255234166203912e-57,3.820166528090475e-47,1.7640550763071487e-52,1.7379291554170332e-68,4.657896253826062e-79,4.007201727687797e-102,1.262101017263899e-59,6.313287974576337e-130,1.39175918944514e-106,4.092487104398104e-89,9.00347918310787e-144,5.087698529175975e-146,1.65025121460094e-117,0,180,15
0.0001373387682504243,6.43389441001615e-5,9.150947445335934e-7,1.5707141654416016e-6,1.0638293448346837e-12,7.27215650829016e-5,1.1100700035411763e-20,9.058782788900998e-23,1.3549276163631552e-18,2.05077072375459e-18,4.980136642981268e-20,1.0406730829477945e-28,8.403552372661424e-26,5.724780022623212e-69,2.050768010459355e-51,1.9375115478290517e-51,1.0873802411626206e-77,3.051685137593347e-82,1.8858237557380075e-100,3.6286847733514677e-87,4.827905846890644e-86,4.527593967204445e-118,5.419097642767426e-79,1.8907795224535316e-104,1.0310025339663745e-120,8.36939055487131e-84,5.504384406855621e-143,0,180,15
0.24135118681968326,4.238899979881408e-7,4.048063994082873e-6,2.2492511982854278e-8,1.3512799608164472e-5,3.634325914491807e-10,1.4254622716840428e-6,0.0007965766593108209,1.3837593051208782e-8,1.3120721442010667e-21,1.2928943481491387e-17,9.294893081843477e-48,2.276842290392916e-33,2.8104551938780144e-52,5.167198405813503e-64,2.61862089746471e-65,2.3894954102609798e-79,3.1440604506096668e-83,3.928319710834454e-84,4.760895971901744e-78,1.437049789237998e-98,7.839034615431605e-95,5.316739991484131e-143,6.712208396010902e-141,2.91201804931435e-121,2.225545087885791e-129,3.5545279576554766e-137,0,180,15
0.0003135316648926436,0.0015545135301732827,3.830375383218499e-7,1.5547319216943792e-8,2.2952667741324678e-8,1.7543138861953334e-10,0.025528867342246644,1.0023531516870134e-16,3.0328332397717994e-28,2.377881890809967e-20,1.7543643239158715e-22,2.329934574394448e-51,2.4055028016421074e-43,3.0310168775061226e-33,2.6959532671909903e-45,3.539279139298816e-64,2.502550925762853e-86,7.223888237578072e-90,8.385838154060145e-85,1.0008306882082868e-111,1.0915961045153651e-88,8.938540456771776e-114,4.8804793902622e-118,4.322609883509778e-120,9.940440481568692e-111,1.1098500053621133e-131,8.017279579670886e-141,0,180,15
0.0011368138380413529,1.8092129579521044e-9,1.1181610056014835e-5,3.864104552678064e-10,4.36821069870096e-9,5.993253002680811e-13,1.7295198995205422e-7,0.00036321614676198774,7.384801382520378e-20,8.128451402555945e-19,2.3149461569521417e-33,3.9893208041256855e-39,2.538578325773044e-41,1.139748678190089e-47,4.5649605040575746e-54,3.6773187320014084e-50,2.4816262829573731e-85,1.4703218333661285e-76,1.1559341415516289e-85,2.0526442434783234e-84,3.2719778403860313e-90,7.771947944247558e-85,5.405975309866559e-97,5.88792692238302e-132,4.396916344247508e-146,6.69899054678388e-140,7.418616260469443e-158,0,180,15
0.2041363148646119,8.116123372534269e-7,2.151397044600426e-6,4.7972262143505505e-6,3.4781381400830567e-10,1.8957677192397606e-12,4.243853669788281e-9,1.4903279646755887e-13,8.147284125224132e-15,2.1949853711328584e-29,2.3489244428131947e-21,2.1532454553607285e-45,2.756196975144003e-41,2.6102987485430237e-47,5.059898666629542e-38,4.077365088414365e-59,5.121925492946316e-70,7.852143289457255e-87,1.0336006326745144e-73,5.53487525819216e-120,6.86941370381462e-89,2.135893160186235e-103,1.302482239272808e-105,8.938154877023205e-107,1.630790262431015e-140,8.553181457531238e-102,4.509629778455612e-132,0,180,15
2.101967915659361e-5,0.016713143718731456,4.2058432518492914e-5,4.231791443653221e-7,4.541360732750757e-7,1.2579338815895637e-7,7.172041688108408e-8,1.4871681891318934e-14,5.076806477741149e-7,1.777392615056563e-13,1.6089400579519803e-42,4.027709068426677e-43,3.3616494882813957e-41,3.244830804565578e-35,1.1475956048936898e-54,3.595846709623974e-61,1.0043497866153108e-67,1.336443407455425e-66,5.887706514774332e-76,1.4833968036700005e-106,1.2027970785796956e-106,6.993726183323822e-106,5.6722362750031325e-118,7.273210842092284e-112,2.082686488687418e-130,1.3675235320005531e-135,1.1622853843139845e-113,0,180,15
0.00017417385369297554,0.003288989709787824,6.36902236343043e-7,1.1082152799882213e-18,3.0495408542438133e-11,2.563860414473906e-8,6.853208293484227e-14,5.472506116454937e-10,5.021545846288735e-6,2.748819930347252e-16,5.443612528601161e-34,2.1489150380229194e-38,1.4501721488892365e-39,9.292679148148689e-37,3.9531523128127506e-59,1.267976069603445e-69,1.7619785623965114e-51,1.5186254984485088e-45,5.3051537004568017e-98,1.739004956349639e-83,1.4729592309526385e-106,1.5657836290878458e-88,2.603184579261072e-113,1.1090654535361854e-114,6.114047460912387e-104,1.7609808833612798e-106,3.413665418184555e-128,0,180,15
1.1854289703246867e-7,2.755348723936409e-13,9.738835886268614e-7,6.422672220779903e-9,1.1647170255062698e-6,3.232930162906641e-22,8.4693148028824e-6,1.5577103856966528e-11,1.503923016998489e-12,1.104394930209273e-22,3.7665801446658275e-19,2.4692664925214112e-49,5.11628749680599e-35,1.415864678228473e-53,2.5263957623991993e-37,5.811634731953635e-56,3.22927736237534e-74,4.0172154598283643e-82,2.2316935073356393e-102,1.8633893413101182e-87,1.1592620607467532e-106,3.27070746126996e-122,3.738561765818995e-118,1.1359937425442999e-110,1.8765935066058904e-135,1.7632837545955707e-144,1.6810045845933486e-113,0,180,15
0.022895464668040766,0.0037622765988056103,0.0007984710322407191,1.555842277404156e-8,1.0874757563274715e-5,7.797778500152899e-10,2.206573264293035e-12,3.1540885094930255e-23,1.3480238507238256e-22,1.4350971970011038e-37,1.5065911623447833e-38,1.7547969963357197e-39,7.158950901887978e-45,1.1251932280110073e-43,1.9649871418482188e-42,1.0771179645421329e-77,1.6860191254664446e-50,4.3840065092577696e-72,6.37701681102953e-94,3.2192965403132994e-89,9.077512205651249e-96,7.12968964520266e-104,4.762720441097583e-120,9.578104307143031e-117,7.288213129004868e-108,1.1019527624303039e-153,2.18314161386707e-146,0,180,15
0.0005707548264435054,1.6288562710163097e-5,3.838106977377324e-11,6.217089466889433e-17,4.541668910844104e-8,3.777220999006356e-12,1.0392367352162955e-11,1.3718180917198027e-12,4.2228060746448635e-26,2.243512857292265e-16,1.745386389334268e-26,1.8379512567411327e-28,6.7396081014738665e-43,1.566800567956799e-36,5.758266321188955e-65,2.5385435970932165e-63,1.3043524862602955e-55,1.076890030831344e-58,4.0419169874881375e-83,1.1148497933349728e-87,5.360834288148616e-105,7.41535818676583e-101,3.5930628028320722e-99,7.3129003025140435e-115,8.761246052862359e-120,1.940730955058538e-166,2.748682223447957e-140,0,180,15
4.270482220476532e-5,0.0007721219153239751,2.8819130959488074e-7,0.0004188087199916481,4.998009280799099e-14,3.435839774453267e-7,3.4519163618793124e-19,5.709896369738458e-8,1.6851620570881746e-10,2.8183080297964172e-24,1.4673128855816672e-32,4.6594735366314924e-42,1.0927117562638772e-39,3.2961162912508485e-50,8.898122625075484e-33,5.844173611632492e-57,4.837365956928635e-68,1.3551222557561774e-53,2.9496421884363665e-84,2.619126688613856e-88,3.160930809987915e-93,2.2547615092934684e-118,1.866411677136055e-111,3.8430252574324695e-110,3.1821946661941887e-116,6.134407347796778e-105,4.154473466580331e-121,0,180,15
0.00046578780137204615,8.6398782377062e-5,0.0008719413914788368,3.145353317124865e-10,7.461072167040965e-9,8.680607625182123e-23,5.875441013621128e-10,1.462956271026746e-15,4.293793636689256e-20,3.770246858781449e-21,1.3757063729997395e-32,1.8962116484682093e-34,9.086642679766742e-26,4.6930091983110754e-32,9.2281704988106e-37,3.749748059883259e-55,2.159547693904113e-81,3.2129927032109332e-83,1.5375100752721764e-64,7.199932601512641e-94,6.997726655111401e-113,4.81919062671731e-85,5.0368249213367746e-107,9.830988392989342e-108,1.8410407007726455e-106,2.1489320162135697e-122,8.28650547496974e-143,0,180,15
0.002498955078706605,0.00042041087698864134,2.425586470107766e-5,2.2267526445173637e-11,4.236594128071859e-17,1.7554434274499407e-10,2.986465312183069e-18,8.83754988162293e-14,1.042463139925281e-8,3.269482296213333e-26,8.674445046802592e-30,3.8640044200246186e-20,7.603952242741363e-45,1.665304970975701e-41,3.236586332498699e-56,2.4433434970896837e-43,2.817823157897791e-69,1.1931307931779406e-52,4.882425355230248e-94,1.5163687688465061e-94,7.39559563054003e-88,1.1136176948585488e-126,4.988501572393599e-116,6.435078367891729e-117,2.9703592570035224e-127,1.0813636024877878e-137,6.772232492404142e-115,0,180,15
9.57870937257887e-7,8.390661792064715e-5,1.557856927945839e-7,1.2518681103907548e-17,1.30136927438903e-7,1.139789684894757e-6,6.419935025370509e-14,2.1338778065069205e-17,1.3185118258334283e-7,2.366867128519048e-23,2.0910987754616762e-17,1.1367655880482136e-42,7.917793765375283e-40,1.6817145870818752e-45,2.130056824356932e-45,4.010384714213366e-65,1.936944403581347e-68,2.7128655553541477e-75,6.880084200159212e-89,2.778988569950215e-96,2.488687051558836e-96,3.990163417147064e-102,1.147818344560379e-89,4.276226225148643e-117,1.5002612833024654e-98,7.509035488548889e-158,5.847147386584717e-137,0,180,15
4.213042654985579e-6,4.828332284352013e-8,0.00095528048438729,0.049892637907256204,0.00010646134245824397,2.519217740346923e-11,0.00022746450746318815,1.2202294865176696e-14,3.953556761219994e-15,9.329983286076434e-31,4.9656766288894846e-26,1.074877588627307e-28,8.646453296890951e-28,9.93414736470344e-33,3.008047942708833e-65,1.0504254126005704e-60,8.901509425117647e-65,1.757710528198748e-77,1.93385634017731e-83,4.435149252346943e-81,4.208831282217354e-83,4.571423923763129e-96,6.507856873701764e-94,9.779695006653976e-121,2.8374804942879385e-134,1.8065341761868762e-128,6.33897785858236e-126,0,180,15
0.0021727310717570337,1.4318430826985995e-6,8.054255416616647e-7,1.85159098196541e-11,4.158635738322251e-5,3.5347649647631554e-11,1.808734732050142e-18,5.079747888225219e-16,1.2375810689722527e-21,3.6890126281079396e-25,1.5961015028757025e-33,6.817505535613618e-35,8.293738046447244e-47,6.239458754801538e-48,1.4390765195035555e-65,3.612042523452127e-59,4.249700055305544e-80,5.397737205043705e-66,1.7863003781002306e-69,1.7822729658187825e-88,2.289850337531811e-106,1.5739082718325053e-119,7.518205667572098e-97,6.606118789586308e-133,8.80421860426698e-129,7.535531270426766e-114,4.313282144247033e-119,0,180,15
0.008009457732846219,8.49379085452355e-5,2.533152738951049e-13,0.0028908060743561646,1.0527854253238333e-11,2.9804574034993328e-5,7.590934926815468e-12,1.1317612055861436e-15,1.5021115785980828e-12,7.63747513658576e-15,3.9510139053365673e-25,4.913809331778557e-35,2.4151041776791765e-49,1.7997106928747185e-63,4.5646389157400604e-74,1.4345333311431198e-64,7.587791445838128e-75,1.7465977115264447e-57,4.198396420032151e-74,3.7689230123871534e-91,3.107063007293734e-91,2.086748709477441e-90,3.467727159080135e-121,4.845715473685079e-104,1.17380642300375e-131,6.628128385952384e-110,4.151096953467743e-144,0,180,15
0.00011500962608283688,0.00027253865476386185,1.3710777969850546e-9,8.145101733759654e-7,5.067435131393198e-11,1.787067557699585e-9,8.138968450660117e-9,1.2838169466100107e-9,1.0064386198284541e-11,1.0493905640873611e-18,1.055905747268209e-21,8.342017770428145e-30,1.4092392241520805e-49,5.174720359790477e-50,1.716299532496232e-64,1.8807325822734587e-92,1.2302118172353313e-43,5.954757730175672e-63,6.337810527065227e-75,5.456211743092163e-81,3.4594891399382093e-109,5.756771323253356e-88,4.0517085226688477e-112,1.7012649393993347e-125,2.1041401044819807e-148,8.948040289917005e-120,1.7216987839677108e-131,0,180,15
9.152705874880577e-5,1.0337656090655721e-5,0.00013420542659133345,6.586714456090239e-15,6.7268164873186684e-9,2.7787164965359534e-8,2.5793866478923944e-14,2.2642626228347776e-11,7.167464051830472e-12,1.6265304144895475e-27,2.6943299412937705e-41,2.208793302240198e-40,2.407097370049944e-36,1.7601454184801283e-47,2.2096073146710154e-71,9.069395710486826e-51,3.7661043828725837e-50,6.783030561346819e-88,2.5133599932488815e-84,8.857908618521948e-80,1.714662239787727e-105,1.7977337451123328e-93,6.624568855553727e-105,1.2822392923811133e-136,3.0930649303568125e-143,1.0435775853903353e-131,1.1404156137643601e-144,0,180,15
0.0018153573409039766,0.012648725672763095,6.741818589354356e-6,3.0590563462278686e-7,2.284643862284432e-9,1.503571870814937e-14,3.5536857542380357e-9,1.664018904033116e-5,4.554952024057214e-14,6.572210732186483e-21,1.4391076121671706e-24,2.326446103564202e-36,1.7000240381589232e-41,8.494795254471361e-43,1.6545618984763752e-46,3.271407243368515e-70,1.1303897068215495e-75,2.92231810333322e-67,7.643479040020989e-87,5.151437298884998e-86,3.932303746128453e-92,1.3412362860761222e-94,6.422827347193858e-91,3.8465009857986985e-122,1.1616975029839935e-119,2.5008180278586883e-136,6.671584619297777e-117,0,180,15
0.0009476811004346696,0.011204551550982671,0.0042928527599274055,0.0024708793331379283,0.0026004696824008418,1.514197591946828e-14,9.052406875169029e-8,1.8889482125524457e-14,2.395706414725973e-7,1.8616359252774292e-27,4.96260964742046e-21,8.51228310594149e-27,2.109220087291255e-32,1.8072512890775383e-47,1.680932790546882e-53,2.163378543279095e-51,8.81894400207715e-58,3.773017372037365e-68,3.1786087009820958e-74,5.739484342705833e-77,5.601439650639975e-103,1.0879554340116764e-99,7.127250083994081e-119,1.5290912990400563e-129,4.8438614360495676e-129,1.427850706885051e-132,2.9782111260053725e-128,0,180,15
1.8065576047484172e-5,0.003707894407669804,3.822556210514642e-6,7.106748461160001e-5,5.311582174032551e-12,3.1612958813049985e-8,8.604636373081063e-15,3.843610598120381e-10,2.0455952292810406e-14,8.72313528514934e-24,2.095178822259766e-30,4.008100651813275e-36,6.027864636784869e-34,1.3562086948039735e-40,4.363707058655083e-27,1.7625083900249318e-63,9.274007724043977e-56,4.498714860640751e-79,4.696383475278057e-72,2.731401528415902e-89,9.80828492174588e-118,4.620727065244825e-111,3.146702915982225e-116,8.516070109304376e-93,1.3709258445560738e-108,9.044820092711248e-123,1.479031131310016e-113,0,180,15
1.1200622378850544e-13,0.7788253845064881,4.512773274521063e-5,3.678695239790126e-5,4.10034990302393e-10,1.5077206700981574e-18,1.1908929510509753e-8,2.579355795425233e-16,2.1260882829036337e-17,3.3544632820036052e-15,1.8816946928682866e-25,6.375456140972243e-37,1.805928038949912e-40,2.5615348618857585e-50,2.59202564525867e-46,7.572300514471816e-61,1.1961319592410281e-42,1.621388757879571e-77,1.7637703667409108e-70,9.138471775189408e-96,4.013047940380305e-103,6.307357251700164e-105,1.4794270133303735e-109,6.675325629176206e-117,2.6833424329049277e-114,2.978510856305311e-131,8.192980651792599e-114,0,180,15
9.96491496102196e-15,3.2759726270892086e-9,2.4836524084832237e-9,0.010499384261303714,1.401777037993658e-6,1.9710274586654884e-8,9.998863830590197e-5,1.2293892091550179e-11,1.447945775724926e-17,1.5350144975549767e-30,2.9991262783548556e-30,3.5463533835100687e-47,1.0187228821961993e-35,3.903334307503586e-46,1.801260312116273e-59,1.6428107732337242e-65,7.924952257499434e-51,1.0676907150284285e-118,4.90535432651851e-81,5.507708210662499e-74,3.6057044323912005e-100,7.471131009022402e-118,5.022163349422423e-91,5.684841660125605e-129,4.776518245823243e-157,5.04361138069266e-124,2.312661327839647e-157,0,180,15
0.06247119720981467,0.016661509255521317,5.635313943551057e-12,0.00034526945732627086,2.405792267605502e-6,1.4681389487335186e-5,1.867233992383308e-13,8.189783793066664e-13,3.725359881749617e-8,9.914213972452448e-21,2.3386633848076665e-17,2.1699292724159255e-29,9.605551028267736e-55,1.1257521082126327e-46,8.146076871519659e-50,1.7503839452963654e-42,4.106170014012281e-64,3.9295681303176676e-61,7.268278376611042e-84,2.1782760444090943e-85,6.765154894729487e-88,4.9417356173426127e-119,2.9132646937048215e-100,2.3286635322976664e-109,3.841141323452585e-119,1.0581093905201483e-134,6.568609349991678e-136,0,180,15
2.1830816115058718e-5,0.049037980801188125,0.005587836533318008,5.195429895972399e-6,1.8684005721763285e-9,5.216067518846369e-10,2.917188078135001e-10,1.7337586181990557e-13,3.75423087512345e-8,3.608743650565977e-16,1.4508118432260306e-25,4.988080009305307e-48,3.8407431153637735e-30,2.9923350961669316e-35,2.0261935079335195e-60,4.2880123246146854e-63,6.882451738756652e-77,1.2442108688780147e-70,1.4112292917115239e-80,1.72486422948584e-82,3.203247508573249e-114,2.164566708916398e-94,1.2726249414562181e-120,1.717984454022061e-88,4.6249615405207355e-124,6.463197755522033e-108,2.0540943602363846e-142,0,180,15
0.04495861577091208,4.681678923311552e-6,6.078510191071181e-7,2.0772978384157876e-13,1.8233256713797865e-8,1.7734081060416734e-10,4.9454788584790354e-14,3.989535956908968e-7,1.0965272174426513e-18,2.985904945034358e-17,9.513454354290274e-26,4.77838341134076e-31,5.16599417750912e-47,6.43917842979541e-63,4.510110036911624e-51,3.388746427725203e-48,1.9832456397138464e-50,9.631281242058267e-81,6.882405696318487e-81,6.086414821309492e-81,3.2323742275970624e-86,3.3865498095806154e-102,7.626262256544015e-111,1.0560817358346932e-86,6.800725159808345e-145,9.420789142374976e-169,2.216403934659343e-153,0,180,15
5.003153594610433e-5,1.859410634264653e-5,2.165201495824536e-6,1.3946402141252943e-7,1.290532197918351e-12,7.209696271292744e-6,0.00018522796372906668,1.4874423960629664e-13,2.3405309049815528e-14,2.5186168179739012e-30,2.6873924802125196e-45,7.628186286076069e-31,6.188397060684905e-32,1.3220235647528231e-42,3.0799701441943712e-58,2.636457024513084e-69,1.690746254223997e-60,5.287812440815019e-62,2.2561821386087294e-92,4.1941900250622745e-85,1.0946429507402323e-98,1.5327110251725748e-85,1.2049794692869745e-128,2.904109912131084e-109,1.376479695411182e-154,4.932171510233228e-138,5.64535867569415e-126,0,180,15
0.0002951879440219367,8.267092996954094e-5,4.5321231056790795e-5,1.0391093776665394e-8,9.012760051195885e-10,1.033460094218154e-22,1.49246835275041e-8,4.09092697872897e-15,9.053392725747147e-28,5.34768664755917e-26,1.5967475174561633e-17,1.1891086064830234e-38,1.853365708180871e-51,6.141162519547195e-41,4.69295301028891e-64,1.0675970953203611e-74,3.506350969845812e-64,6.56139811160755e-88,1.0584911477924525e-82,6.333564788934465e-95,4.5837293757589165e-93,1.8466860294977482e-103,2.3559807163922637e-97,2.5331198255786687e-117,3.868055754070498e-146,3.062412424089917e-127,1.2495282569008984e-137,0,180,15
0.0013842225118300897,0.0004005016694928504,1.1764615974303376e-6,5.0703129289811667e-8,8.257250360853009e-18,1.8024935341612144e-15,1.1355915138848053e-21,2.381253167164881e-8,3.968522977726968e-9,7.261130758145489e-17,1.7673998196328175e-29,1.2703240678821418e-24,1.3663704314263104e-31,6.79773449045327e-56,3.4335190079765955e-53,8.429066748867038e-63,2.5917195441600787e-66,2.5782389777001993e-81,1.1526959342915653e-92,1.3214474675918257e-93,1.162316732257569e-107,5.225637503448634e-87,5.114484645677137e-119,2.0685979546170935e-115,1.7056427783560676e-109,1.7021470821675235e-132,4.712834740181014e-127,0,180,15
1.090529721209193e-6,8.713846978670836e-9,7.39838371159008e-5,0.02294515215145549,1.9825249253816052e-11,5.360941238888623e-17,4.570380876223538e-12,3.605151546463175e-11,9.249722549799151e-16,4.358019302920488e-20,4.1353163960466065e-25,4.7884065771908504e-30,4.8231089055117913e-36,1.015569320806366e-43,1.1291805606432837e-70,8.045023057480738e-65,8.016356094917649e-72,2.703534477577371e-62,1.957026301643326e-79,1.0038666538245459e-84,2.4039513190685284e-97,8.287607084676927e-103,5.854666349831724e-103,4.282618025644122e-122,1.0064662877428278e-129,3.481722705443599e-140,1.1186323618713227e-114,0,180,15
3.426694610802717e-9,0.026763248444057412,0.000783543253662236,2.0626309930461831e-10,1.2914670692186088e-5,6.805550342018691e-9,1.1480198351733269e-5,1.0591225605293855e-12,9.467125115300034e-12,1.5201875605744935e-26,5.9398987418067216e-21,9.007579925407477e-34,7.207371167365913e-36,1.6243637846412397e-48,9.132114175734118e-51,1.1942369014744247e-59,3.0357124132190443e-47,3.027956145353157e-60,8.211851551176168e-89,3.078124008367835e-72,2.5316108971513305e-86,6.782592096108316e-108,1.5101569120345233e-113,1.748297085018876e-112,2.7037417529286222e-104,1.7150486530120205e-94,1.1545153862408857e-133,0,180,15
0.1650705727599375,0.007082826578110569,0.0001449394611624157,3.333957914830769e-6,2.819797632358712e-13,1.9332468891647754e-14,1.1099752141513802e-19,5.709719760289035e-8,1.1160988198307503e-10,1.28329105886075e-25,2.9055862669954646e-20,1.3982151891517184e-40,6.12423122225206e-20,2.0300578113527866e-46,2.122144827257538e-56,1.5995291437075628e-70,9.966134300339123e-70,5.349185897491715e-46,4.72233712442132e-77,4.087567651169915e-93,3.527643942845341e-106,2.420460666911867e-86,1.957452884978706e-89,1.3733077576728622e-123,4.531562640453114e-108,1.4597567031303103e-114,1.5765409139860864e-156,0,180,15
4.4795489593578125e-7,3.342070972711679e-7,9.88374298071733e-10,2.3286880698335562e-7,3.4918902870797913e-6,3.946391614238269e-8,6.503051162129606e-10,3.94714516989755e-18,1.7779641925230158e-9,8.021138920970223e-16,8.817887809048796e-32,1.2536287055622745e-38,9.57623457034666e-29,1.2080446538415007e-45,1.3264977257108726e-54,4.601171841786064e-67,7.908983510651046e-67,9.059297959573743e-87,1.1620859270225139e-79,1.1919364658134922e-97,6.4777617324441865e-102,3.464569636628155e-108,3.0442516317047986e-97,2.096153754399667e-141,2.1143937358914643e-124,4.920595762921148e-163,5.760823992184447e-142,0,180,15
0.13937084956887635,0.06441980269060155,4.154453113090304e-6,4.526323037063574e-9,1.0600307413773182e-8,2.7819581369757308e-12,1.0982949808954279e-11,3.0719773500702834e-12,2.961744242792741e-16,9.23202496635217e-24,1.3905988038266024e-29,7.163567139088493e-25,4.969256180890786e-49,2.5921751735595304e-56,9.968443098026165e-62,4.129593527148569e-55,4.3534039467397244e-63,2.145220384255527e-64,1.1494426338397564e-97,9.639950404819092e-89,5.129128344447412e-88,7.157360565694095e-107,4.585556329690405e-98,1.0300088161398226e-146,9.086987917141925e-119,2.579427424825038e-147,3.9248594746484744e-137,0,180,15
8.729045932126194e-8,0.000430732612228786,8.616091365097941e-9,1.3398043393216616e-14,3.431882333553691e-8,2.939098660399432e-10,8.770801338794557e-12,0.023225102350763967,1.2250017106736452e-10,2.0912893448219456e-26,5.0715421011512145e-23,2.475079156106352e-27,5.182661103979986e-44,6.682421964295735e-52,1.973953480530938e-46,5.0046122227798354e-54,1.9269607420439204e-48,1.1876438288760212e-60,2.7211786605646585e-73,1.0786102600683987e-84,7.968696354202993e-77,4.598958973736577e-99,6.124084487465479e-97,2.1159237911957696e-129,3.171394707039104e-129,1.3458924925857581e-102,2.1962456824570992e-150,0,180,15
0.00039570810767025464,7.235814342069676e-5,0.004304913526789916,2.5180866916858e-10,8.646222228474559e-13,6.764075494594336e-9,7.228660514348089e-9,1.129782659107945e-17,7.840782942240725e-20,2.92005936647379e-17,8.047934624472891e-28,1.98322464798281e-27,1.1695862724508395e-37,4.952424752010752e-49,3.6393814415063414e-52,5.490120530692721e-61,1.9384551451162332e-64,3.69213457468575e-57,1.530756797273568e-80,3.2303050489921095e-73,2.2748322762720297e-80,8.164950364291843e-111,6.112718330997575e-110,5.139672900017213e-104,1.3073593888698988e-120,1.5687365883547215e-139,7.633189151290252e-142,0,180,15
5.891896814043314e-6,2.0701553651567586e-6,8.216850804075508e-8,7.437606335958533e-8,5.839750605902981e-10,1.9102343366947024e-7,6.557268249360097e-18,1.3703129777432833e-5,2.1524310085773477e-14,2.1701771099584923e-15,1.2160288700791959e-30,3.9125847312256927e-31,7.517080284511895e-55,8.805828967613874e-48,3.6836359108426245e-58,1.1836356787719238e-59,3.602275516687362e-74,1.1032910684163003e-68,1.0035424705883698e-73,7.129319955288058e-91,8.697530202550782e-91,6.108528916993656e-110,7.341485930648952e-104,8.264126490729379e-101,1.3152271928833395e-108,3.6866667720280006e-116,2.6498109101005223e-140,0,180,15
0.022585459213448046,2.4184343041117134e-7,2.4807037186117906e-12,2.8672880169016163e-10,6.644711370767626e-7,2.7290704124005993e-16,2.707348656621834e-7,1.9507345448322472e-10,1.1239332900927165e-15,3.642082008401269e-15,7.415718730447466e-33,3.7833965442167565e-18,1.783430648958945e-43,3.0412772522639476e-48,1.716142369976835e-50,3.434216128261422e-55,7.82485994857511e-77,1.0554511529368044e-88,3.2602355757528428e-83,9.287173602963376e-72,4.4748706534982845e-102,1.9636574543870537e-109,5.907132164823979e-107,6.048085699077497e-120,3.9834075289748545e-120,1.0416781171788001e-132,3.510526877224848e-107,0,180,15
0.003351612270626893,5.222184014851111e-8,5.376218568583284e-6,2.3877694120149862e-5,4.9386512320372575e-6,4.9515612096459225e-11,7.637923167939788e-11,7.787707500383849e-15,2.0334120550962314e-18,2.3302326424396824e-21,1.5194407110286925e-24,4.443647083157386e-41,9.707902554515166e-43,9.152590947307493e-39,3.1587599658314534e-46,2.035524106405469e-67,1.3347196842547335e-43,7.008970383441876e-90,2.864711565132552e-89,7.081633506055385e-93,6.686176747753543e-91,6.7250161242569685e-90,3.940882986766917e-109,5.2179797122415815e-124,5.849483313830942e-130,3.007525506686861e-157,1.1823686936209215e-169,0,180,15
0.001282241664422346,6.457063817911971e-5,3.174122547228734e-12,3.061486070141169e-13,4.1000635457571485e-12,9.679542306165691e-11,2.248778475664727e-14,4.9996448386460195e-8,2.8179164889239025e-5,2.098767315542983e-18,6.224637280671079e-34,6.39213654862014e-38,1.2904525911113637e-33,3.992085139258379e-65,1.323430090591663e-54,1.7529624938240255e-60,3.9936882022951734e-74,1.3386698072164656e-69,3.2020981311081563e-90,9.438567661655896e-90,1.1494158656649834e-75,1.7135381178829558e-79,8.053018648660272e-130,1.3976747916107965e-121,3.9699402048695423e-106,3.1633016339930545e-120,4.446636423089744e-144,0,180,15
0.011718248715453971,1.8872919282795083e-11,2.6014880695612654e-5,3.0005579593262593e-5,0.00017634236069811063,9.192544675162588e-13,2.0966223087737766e-15,2.8017739126474163e-18,9.978448570786423e-14,1.4759654316496777e-17,8.690477653968047e-24,7.889303005803979e-31,8.743575166636977e-59,1.0401796062661563e-55,8.813591294984861e-39,4.348305150267646e-51,7.075635336762128e-48,6.996937656323938e-92,1.2813472446978435e-83,2.6045901529016295e-78,2.8061053742006335e-104,1.0260338953890891e-110,9.202877221767787e-117,2.7475103286286976e-113,2.9045625815654606e-115,9.544038108643579e-114,4.832791808758436e-169,0,180,15
0.0007591025314443903,1.2790245366714177e-9,2.448182486173602e-6,5.991651680142012e-6,1.5441218598633571e-6,3.3531106896077037e-7,0.0014237293300891002,5.3197139307690215e-11,5.923656405114987e-13,1.567150380188138e-26,3.461086098348932e-37,4.0465288108199634e-32,9.456852969772858e-43,1.5434980298460126e-54,1.5098578581667993e-46,4.0195310710998325e-76,2.2967185783486964e-74,3.7785530201232564e-73,1.2539951088413938e-70,1.7814604244418142e-75,5.5503064959524325e-101,4.55838710719609e-127,1.3096281785653437e-117,8.711867522935081e-103,5.633350127659844e-123,6.780053492315611e-124,1.2948499910797462e-127,0,180,15
0.016001338728350842,0.0010352730106757016,1.859438592451569e-8,2.04665787711075e-13,0.011992800616179846,9.714873939414366e-5,2.7854464079169326e-8,1.6272935708612772e-14,7.859911155447186e-8,6.864823699718013e-18,2.4406013228911038e-19,2.506380989085047e-29,1.0210982056139816e-29,2.1031332697230642e-51,2.1195594560622625e-60,2.2836604495474117e-38,6.17764278282907e-76,1.7017526828129803e-74,5.126679202722525e-81,1.691499937009398e-62,2.3698637135670168e-94,1.9739302837911574e-106,9.68210137284673e-94,9.122963559230514e-99,2.3899461536176936e-108,3.469295578446922e-122,5.983744612006518e-124,0,180,15
0.006363861540083395,0.0006024378782888302,1.21896115649063e-5,0.06848315731966981,7.80388650581138e-12,1.3189261165412287e-8,3.146188942750384e-16,9.806143884729646e-13,9.699196324339139e-15,6.914129334628293e-11,1.5040953161068978e-22,2.175734596301074e-56,1.82064593848577e-53,5.146566648009004e-32,7.056143534448098e-43,1.681086398871569e-57,2.9914033696109627e-47,8.736892835520463e-68,1.9658747432574204e-69,5.283128616520199e-84,2.38447552646549e-85,5.520855350050377e-106,1.0402908542093686e-157,6.4151013453486695e-109,1.2709835100621237e-114,3.657645999500529e-120,2.1411345234579327e-153,0,180,15
0.00237418283932402,0.0007554572843886281,3.4672926899704464e-6,0.001091581108603565,1.468842536996172e-9,2.721606443358585e-9,4.538338194980275e-19,0.007014005266338022,3.443970604529412e-13,9.235887360104427e-17,3.946092834879763e-31,3.682591520596231e-34,1.7716076822345088e-26,1.0545657867286051e-48,1.587444952717579e-41,3.5874645035705066e-77,5.480055820450728e-65,1.6276173152864048e-57,2.319224754961863e-82,5.52567091285913e-116,2.4759756195941176e-86,1.0566685222665616e-89,2.0802238152450462e-113,4.8726178918345765e-124,2.7320033185413476e-100,6.8147783969734e-143,6.638853209752776e-138,0,180,15
0.0018569490561723973,7.777458022416034e-7,3.89624983927472e-5,1.1727658768276611e-12,9.319694279922839e-8,6.381928111860558e-16,2.579396909675803e-21,2.3323417606910214e-8,1.5503452696092046e-13,2.5405616524556597e-16,1.4712162608821735e-23,1.3288851994933428e-33,3.446851802061233e-43,1.523115962775702e-48,3.3345243748727115e-55,3.7869533287315906e-70,2.982160040368595e-78,2.5121042528448694e-77,1.0574678562095986e-92,4.014713967642877e-93,3.814119741138215e-101,1.5856036755619797e-93,1.4589369300431235e-110,2.080062143862455e-129,1.6347769421685114e-140,1.1579491316319386e-128,1.8112772702798191e-125,0,180,15
6.731617060773975e-5,0.006737390682849611,2.0645791500257918e-7,1.2146032367660707e-9,7.621884333476146e-5,9.98722540940712e-13,6.859788161818114e-13,9.435253190478735e-9,6.26185613753538e-16,1.2113512694086818e-20,5.860434356125691e-30,1.2873812795857295e-33,1.2528659238229869e-39,2.3678571423866906e-40,6.313552895804588e-50,4.3512986364410653e-54,1.2630718792966287e-61,3.6657545921810573e-75,1.674654646689973e-79,6.793744851711577e-114,2.6423571867423006e-87,7.811092236350989e-115,4.2277737326577e-91,5.965886238419494e-135,4.141102814961586e-129,8.927153675600542e-93,2.6829727843391603e-151,0,180,15
0.009972543657952639,0.0008821988210741508,2.4965207983909946e-7,4.6377891961783936e-11,1.8835084937558788e-7,8.961957822728833e-11,4.109379466055275e-23,4.704801911158259e-8,3.931449701966568e-6,4.694009289964757e-22,1.9580112123720217e-32,2.2126150732562057e-29,5.241562606625284e-40,4.7839558259831536e-43,6.320494342954296e-61,1.3360742141546973e-46,1.1717337796445882e-60,3.95308575336393e-83,1.671286303948406e-67,2.8632648257500284e-94,6.485062577365065e-87,4.565707120438251e-84,4.5972957023403014e-116,1.5011925432607406e-106,4.035196582813975e-96,1.1812664906287548e-117,2.832641059250967e-121,0,180,15
0.01153600123089486,0.0001381319600112916,2.561858569890086e-6,3.323945311432184e-9,4.528642427322061e-6,7.65956091208725e-6,6.33571592324063e-11,2.1217158207452158e-13,1.4671430789193037e-26,3.1723935241818203e-16,2.51511377970595e-30,1.0072155987651855e-23,5.937308235135025e-37,4.443551739174956e-46,2.944039034655189e-46,3.9420174118945e-65,1.4654973466384033e-65,4.526022374023431e-72,1.8054789813080008e-86,3.073588923917674e-100,9.80385542125563e-100,1.178249705512641e-123,4.268980605234506e-115,1.2508041956135868e-118,8.985690079595693e-120,1.3347986493271886e-124,9.714226838852895e-137,0,180,15
0.0007340681708879601,0.019502523999275677,0.0011069608675074991,5.0660340889172195e-8,2.023220842226682e-9,4.157546532285987e-5,1.3212553381120148e-14,2.7067519331350023e-17,4.419249472246674e-9,9.150118818007404e-15,5.796278566961525e-18,3.174560835440101e-33,2.765206878570185e-37,3.5627740293706366e-64,8.107145446812306e-78,9.003728137489343e-51,1.952368511469973e-49,1.2468612727141555e-68,1.1270018859059686e-105,1.2781350854568655e-93,1.1504205450305338e-92,2.4680129466570885e-101,5.09483968368727e-106,5.807037596200281e-110,2.725549550143849e-110,2.4959469313660464e-144,5.469546450397042e-149,0,180,15
1.0787741411475268e-9,0.20496046265147527,2.880132026110761e-7,7.048270242296408e-9,2.792488195024144e-19,0.00018533822713060987,3.4705525459126106e-6,5.1679369051901324e-18,2.7813413823523042e-5,2.383400454362758e-12,7.038535443066217e-31,4.732403339134671e-33,1.7119451954421203e-44,2.2204833531586765e-39,1.1868879196464247e-43,5.29329884125923e-56,4.3894618954548056e-66,3.8437970130611495e-75,3.8269827040808357e-90,7.95516848246844e-100,2.1961348455508523e-71,1.696850446750221e-126,3.921711593732174e-126,2.2011333780129222e-114,1.083759368815132e-119,3.589771888731341e-151,1.663276739976601e-142,0,180,15
0.0024837488936770248,0.019578166696121817,3.092806645448622e-9,7.444191243022992e-7,3.271388690358421e-5,0.00014210815830426792,1.8043920349160976e-17,2.3620722969071313e-16,1.158081927512373e-8,5.534191537286035e-20,6.686704965997091e-36,3.990571357796941e-23,1.3570727892013869e-36,1.0233070568856326e-40,3.6882765026818732e-62,2.229892114496556e-65,1.943447554060832e-69,1.6128379638988122e-68,3.365675220417975e-81,1.3654121487711655e-93,6.068602029836428e-96,1.0529008044989646e-111,8.702594223318708e-93,9.330587941985255e-134,3.124429134385808e-133,1.2225631552245886e-151,9.928009861572466e-159,0,180,15
0.0035599655561664597,9.178943786253637e-7,1.602412476352049e-8,1.7346978718190768e-14,4.6720942145117157e-11,1.3074301164509413e-9,8.574854769428205e-14,2.573324265633028e-12,3.6562613081462015e-17,3.1690640235779865e-19,3.1506242231274453e-29,1.7040215195839154e-34,1.4783206706977936e-51,1.0310665592109277e-51,2.5707875858188184e-46,1.4358604897329122e-66,1.9245780681217036e-74,1.4213798763721853e-74,1.7186736894176012e-69,3.646697969789404e-104,1.2158990924742686e-104,8.615745829205345e-84,1.6961702137541627e-95,1.6409814782933948e-113,2.5548813353211407e-90,8.32655795912894e-142,3.283136791256071e-112,0,180,15
0.0002898701463185467,9.447394490267168e-9,0.039103526450242246,6.30877633542376e-7,3.8877261254797405e-9,4.2172277335719385e-8,2.0621858272811e-10,7.815029273992166e-13,9.529450929647562e-21,1.697912714411636e-21,4.781193140507654e-16,9.539241034962681e-29,2.3262326208345711e-35,3.4628773053045195e-58,5.873252517718373e-65,5.1411984810420344e-77,2.539956494374522e-72,1.9168842622762154e-59,5.706983271437167e-92,6.065562310374572e-96,3.12770724812412e-101,7.60117398522391e-99,1.0004801969053212e-120,1.086337568826244e-114,3.350337520172431e-106,2.5772760784804737e-127,2.158868046740651e-130,0,180,15
0.023800090273663106,0.00018652947902903855,0.005785619337380433,3.618449872129783e-5,5.843397407286969e-11,0.0009861774578630513,4.4230645246559174e-16,1.8662360613457063e-10,1.8734123208685728e-17,1.3153110382206545e-15,3.716816906466232e-28,2.9300890185972484e-31,4.5739614633634976e-41,6.140764927847764e-46,2.363730441786073e-60,1.0421432330514973e-61,1.5561647121813616e-67,3.970546642548904e-65,2.1059875614661938e-66,1.0799082223063724e-98,1.1236225888750214e-91,4.485748085463256e-120,6.1500188354331495e-118,3.4310710262103118e-93,1.0155177831760183e-120,1.1572600116421897e-135,7.616925670107773e-132,0,180,15
0.0006151434648465801,5.9076333726408055e-5,0.0010437313425803636,1.603840762669264e-5,2.4418397237395808e-5,1.0512831566541574e-11,1.9015881457430428e-14,2.7094803817619477e-26,1.392187120818429e-17,1.620265988851757e-29,2.384103050838968e-27,4.130957936386965e-27,2.5821358388666977e-31,1.2215976806201546e-47,3.4981512325954756e-42,3.516175398458145e-60,1.3920602921823006e-80,9.203178882450326e-60,1.0067847770269636e-75,3.6763482099548715e-100,1.0593333385290741e-95,2.61112534786461e-94,1.0014115282761668e-138,2.110031696348848e-114,1.7250804499135882e-115,1.0280313734410429e-135,1.6092170584189352e-126,0,180,15
0.000129043194137627,3.720317771364361e-5,8.582699026018804e-11,3.5295905154254317e-9,5.9915071527842695e-18,2.329175844822818e-9,2.8915001064069483e-10,4.143640365241356e-9,3.813508271785357e-20,3.7607442983319896e-15,9.89563051585098e-34,3.4248145132001854e-37,4.271087642400707e-45,4.987683311328226e-60,4.360461727840344e-60,1.0715258010770038e-78,1.446417903925725e-59,3.35745473055155e-65,5.377422684513329e-54,7.926194801766849e-60,2.710556123888691e-88,1.3437915615689425e-104,6.156315457545842e-90,8.694690383843176e-106,8.912256784888234e-124,1.3649477033521196e-140,1.9205162399587403e-152,0,180,15
0.0007630457945516439,2.909874978373858e-6,8.138413380557017e-17,0.00015030805177317167,9.656648619384677e-11,1.674366896614813e-8,1.5845272006656013e-8,2.1249913446230506e-21,1.1903864890476394e-16,2.1305192141494468e-20,3.227069929088714e-32,1.527571204248803e-38,9.24076192066897e-43,8.070252603699154e-40,2.7884791578083785e-91,3.6233728738959193e-42,2.5449449045030143e-66,1.067177233384608e-77,8.943527441566841e-63,1.7749259645099984e-88,4.524269006249975e-75,1.9208528183252086e-117,3.212408947489319e-102,1.0985220929385198e-115,9.16102970910419e-88,1.7110091337764264e-138,3.010329976827099e-139,0,180,15
5.4568490655707795e-6,1.2150251109582425e-5,4.332369071044368e-7,3.373754697809549e-14,6.479062944983965e-9,6.854003965802914e-11,1.2876318728576835e-6,1.0745747494374684e-12,4.572962876842253e-18,1.332418981913153e-26,5.044991914349298e-32,8.11437726399117e-26,2.0027440789383263e-34,3.360374657840716e-39,2.4614586710288482e-51,4.221786572879479e-51,5.913735959598267e-71,4.07883620192805e-68,1.546263478246749e-95,1.615176712053364e-95,1.165067282312632e-78,3.981871814920953e-136,1.2848054731861987e-120,5.000989906200788e-109,1.5930272202174167e-133,4.436708922323739e-143,3.904936464905469e-136,0,180,15
2.2501074813936904e-7,2.136799185592822e-8,0.0002168838769176975,4.5203319622199723e-7,2.2465418838326372e-9,2.6886099832793297e-6,6.655761642150975e-6,4.648029632542515e-18,7.401011589400953e-15,9.438683944804576e-16,7.940373533831483e-22,2.1547289950258254e-35,1.945858386785854e-46,4.818230290241335e-52,2.8039562067051587e-42,2.657502216279917e-57,5.061421687764388e-50,1.8635863841217203e-86,9.43627199264027e-72,5.366001778588765e-87,8.921603598523619e-86,5.933252741396295e-118,2.840697265425017e-108,6.0160220057935375e-92,2.9439342123850277e-126,1.88468088335064e-122,4.12700211427813e-148,0,180,15
0.0069700056765180235,0.03629278073041934,2.0593842988670844e-10,7.577397739706716e-13,8.668856397180972e-8,2.623413874241374e-7,7.397898179214821e-13,1.790342514521305e-5,2.0523259975056144e-10,1.1903659827849265e-24,6.818733560154933e-28,2.1823925418304583e-25,1.4059072930472122e-38,1.3978540005326469e-47,3.726537808308374e-44,2.729319252126335e-57,1.591308913910427e-61,1.3425473964722983e-56,2.9735993238402543e-95,8.183785082661528e-91,2.4712223922745666e-89,3.7016696866292216e-106,3.6682316553617285e-114,5.622993300996284e-97,2.5280004986361894e-167,3.170984627182962e-126,1.4215887192849526e-169,0,180,15
1.3504826306068971e-6,1.1546892672927277e-8,7.487346821730804e-8,0.20342445363229064,4.479683794883175e-7,1.4279072540221134e-9,1.3974533956228567e-5,3.0445648124373175e-11,5.2429623736340335e-12,7.410016044113544e-24,1.463731279642501e-20,5.33377009285208e-29,6.436445293282086e-23,1.7348142726669655e-36,2.4927383199452003e-53,1.2864208409720462e-50,1.4954116962849422e-69,2.881304991611112e-80,5.300109745205052e-90,1.9329786328335188e-89,7.483392288799746e-82,1.8873994787259494e-99,1.3460088325727875e-129,5.315896608052044e-112,1.1830494701982604e-129,1.4560871770410958e-149,9.812997427580081e-139,0,180,15
0.026099332558764517,9.466787846060464e-9,1.6746303974988748e-9,2.2512078438786986e-7,1.3339522960391296e-10,5.879552400007762e-11,1.9876414144216513e-8,3.8148230833587524e-17,6.132337619743715e-11,4.810627743537053e-12,7.874039852999623e-38,7.845346725980083e-38,1.769331054516364e-39,5.48153033575764e-53,6.281451752411162e-51,2.1311119193008687e-63,1.753533403893161e-73,1.341376914706044e-76,4.7784588725591566e-73,1.4894478119775294e-88,4.9258816345232776e-101,5.454389221316663e-102,1.3857680568168025e-101,7.369015747342636e-94,9.546029287532667e-131,5.150414960619274e-111,5.469430569666507e-140,0,180,15
0.0075803393113791,3.8208455818606465e-8,3.0433275281935513e-6,1.2085615071249327e-9,1.5156028575195518e-6,6.383160956242642e-10,9.239470624546755e-8,2.558798214875639e-7,8.425161504166724e-14,2.1628556170288048e-24,3.592696388449901e-27,5.4432771616570185e-45,2.0763829582833032e-33,3.627300041929823e-37,2.5951201942249873e-69,5.187231702842637e-70,7.717338777142677e-64,1.2942131309828323e-86,8.990808735046653e-63,4.220397674631029e-85,3.87241110043015e-86,7.643570515418654e-98,1.070174685384894e-105,6.6404212509298585e-87,5.91235172686552e-109,9.598369901496211e-151,6.142603489052388e-162,0,180,15
4.613394479370051e-5,1.2743415337286074e-6,1.2901782252079873e-6,1.3079978027022688e-14,0.0007163781536488337,3.0036974059446128e-15,6.82018993138223e-5,3.6926233321228877e-22,1.6390204451044924e-10,7.990890460118306e-19,3.861418390439057e-19,4.634238112525923e-42,6.981510365643094e-49,1.3702077189836728e-57,7.375496283411078e-59,7.441199924441584e-68,4.9752381846064695e-73,6.922991976344307e-75,1.6641338119161644e-73,1.932369232777236e-83,2.0259019948952987e-87,1.086323802309297e-96,9.629734159171616e-107,1.453370631330612e-121,1.0282926399441987e-133,1.2656259275675308e-144,1.415437004943907e-132,0,180,15
0.012609668306235895,3.8037433183755226e-7,3.5707778307915435e-7,6.1879418082245126e-6,3.811924765790374e-8,2.850734661077408e-7,2.3634175274981586e-11,4.925281690665411e-23,4.588129436590097e-15,4.406005511228661e-9,3.8328756408613566e-21,1.3020046191940695e-24,7.847169962001546e-37,1.3699120128549842e-70,6.52136475415156e-40,3.366280011764103e-42,1.5821821133384006e-68,3.2794046221687226e-87,6.642706526619761e-70,9.086117690708417e-97,2.2917733743346764e-111,7.045460913243104e-105,5.976935658395284e-112,2.0400692463640568e-126,4.692517527779662e-100,6.969766748662382e-148,2.2827733360644192e-107,0,180,15
7.70552108247569e-5,9.602366096661947e-9,3.366527311879017e-5,2.7330213415576502e-14,3.404382514900777e-9,5.628326966425763e-7,2.8752025387531875e-12,8.729691369055218e-7,1.1929397169467385e-14,3.680166875202498e-21,2.568039853383954e-25,1.0820085356818184e-43,3.8382227172103395e-30,4.341723510276118e-37,2.52740530353102e-58,1.329222080325606e-82,1.1329373881286787e-55,1.7697414436065586e-75,1.0760107406186601e-67,5.156931923506038e-112,2.8057669711624142e-108,4.013230652610042e-117,4.588360848879801e-96,3.8142656059356026e-121,1.8784705356415368e-142,1.252275727802485e-138,7.795961936547182e-170,0,180,15
