20000,30000,40000,50000,60000,70000,80000,90000,100000,150000,200000,250000,300000,350000,400000,450000,500000,550000,600000,650000,700000,750000,800000,850000,900000,950000,1000000
0.1520200825415138,0.11432922237727966,0.0008561389934154596,1.942892298860646e-6,3.5206401417178987e-7,0.003038139474761764,0.0008855489528683244,1.3876932434766902e-7,3.1433771219931527e-6,8.943599264886649e-10,9.785956908593822e-13,7.179591465425962e-14,6.196878559402883e-20,3.0708247793773775e-20,6.816705935066304e-18,1.0802686761224222e-28,3.2215326559490753e-22,1.0827341072390511e-29,7.4102071672150135e-31,1.6401053014918209e-31,1.0465611782760718e-35,1.6330092427795623e-39,1.7120804669588935e-36,5.03791369265383e-46,1.1251441680996515e-37,2.8359463320053035e-49,2.3117330498252016e-57
0.3274854844795626,0.056632314718280674,0.16728368854571757,2.1713577117778917e-5,9.961450021919334e-5,6.745769061613926e-5,5.083869303237888e-5,7.187334161846358e-10,3.5426248113128664e-8,3.3159585023135455e-13,2.4321197531500708e-11,3.3433636781529054e-13,1.4731725853297276e-12,3.0023434693197967e-18,9.439910889451573e-20,7.467519191755787e-31,2.4744851207155875e-34,9.068915597089674e-30,4.664408758044962e-42,3.4844963866722098e-31,1.5348538826686297e-40,4.3344843812253624e-41,1.237652522403557e-46,1.3665580261374589e-45,3.490851279565822e-49,4.912830339804279e-44,2.058733558425591e-52
0.3927307079406579,0.007371115680935588,1.3441444829578505e-6,0.0003854215762737221,2.869121768292985e-5,0.00023439332859334728,3.6648698808060786e-7,2.8586309788891206e-7,1.1855927156479629e-7,1.954894376966602e-7,2.382591279900277e-16,1.8528642192835996e-16,6.7642447467916635e-19,4.7598835492122816e-11,6.492003971832279e-17,7.810553269463986e-27,2.199392998253162e-24,8.299161751063754e-30,6.7826893031313815e-34,6.770352698055158e-48,8.741217963882243e-33,7.088895651344627e-40,4.046818404759136e-41,1.3777871991720843e-42,1.1760056812634925e-46,6.240847912965242e-53,1.5283457224339267e-51
7.321920416384103e-5,0.025349704925642425,0.12710906795911575,9.101261383672933e-9,1.6988008936936007e-5,0.0033440206934608717,0.004299032294622426,1.7219632317924196e-7,0.0002963223074716567,1.229291651615843e-10,4.801309381214925e-16,1.5613011989285134e-15,1.311928636970136e-12,8.300479322411364e-27,2.3801990852003587e-21,7.78360210409335e-22,2.4361228616275923e-28,2.438487062575064e-31,1.0309689082134712e-38,2.9763311311093705e-41,1.4629116459177655e-32,1.3119396393529694e-52,1.305694784856932e-47,4.789331788400206e-40,8.617727839724155e-46,1.0861826577677105e-55,6.923306554239792e-57
0.3591505803544892,0.0011909712205765007,0.0002395189982937599,0.0037768957905223843,4.847176404812179e-9,1.0224926828880362e-6,0.00019738284895987697,0.0001517535371188856,1.3847134230941028e-11,2.671454828194786e-11,1.6255285387409639e-9,1.2856605956404993e-16,2.977416246648254e-22,1.31297558103506e-18,2.638594899506988e-20,7.463420766154673e-24,9.154328956236053e-29,1.8567229326599032e-34,2.2931233220406636e-28,1.1947832002010585e-40,1.781233638051072e-43,1.494471818777857e-43,5.855313059311231e-38,4.2926362557263275e-48,1.269618377625954e-45,7.271171713427281e-51,1.2736941800352067e-57
0.0005268193700739488,0.0032442010878026666,2.2601872086285635e-5,0.0010892860257589014,0.003584560194323574,2.412656797263728e-7,3.590387536391796e-5,6.4159043393231605e-6,4.775998287408844e-9,2.1182956269851363e-14,5.497720118984627e-14,6.643298940263668e-16,2.4227992231251975e-15,2.5793248411105786e-13,1.2224682924707102e-25,6.049974961459218e-21,6.609851756275265e-22,2.1342716381394427e-35,1.1161479163464913e-31,2.667229349305381e-37,3.4748373467269874e-36,1.4814093764323725e-33,2.5185530681859198e-39,5.374048005873659e-49,1.6210107742161801e-59,6.567770713228718e-50,1.4335691909462488e-44
0.003295976410675511,0.13085486041284386,0.0002952308930549179,6.850301360434888e-5,0.014160911220305723,0.00010640251002558623,2.9815930509146376e-6,1.6647461436472174e-5,5.246875893203503e-7,4.439276638135289e-10,5.295001680828668e-12,2.2749716151526723e-15,1.715477312249942e-27,1.1840865675382122e-25,3.642788327383705e-24,3.535732613362061e-24,2.5205942605214537e-27,4.5013437912990776e-31,1.2459246334508858e-26,1.9801878121770945e-32,7.691844802506642e-45,1.9387771423544915e-35,2.7266157258141795e-43,6.166837520275893e-49,1.6682729997349838e-49,2.2654463030139707e-41,3.894776857737285e-56
0.01157505400576273,0.06872148489931801,0.0006107164269922703,0.00016348769679144518,0.0011017345403176225,2.9025781319783496e-8,0.004374982190570323,1.1082718457649655e-9,5.814605939739428e-9,4.236517679645307e-12,1.154344601728208e-6,2.2749716151526723e-15,6.033727404632527e-12,2.5613596560858104e-19,2.341030603969316e-17,1.7479517806133363e-27,2.1399854724477074e-20,8.726883670109422e-32,1.5999845207458087e-37,7.404121783625333e-46,1.508889586004841e-35,3.9737068760550966e-38,1.2936969849283596e-33,3.36267222529645e-47,4.234062060346256e-50,6.4741393812286476e-49,9.832141463723758e-60
0.05815302364098049,6.424535967340284e-6,0.1002709864081206,0.0003122417534349557,2.1807582676731276e-5,1.1599601935920537e-7,4.489383667486098e-8,0.0003811831471239286,6.515331621450265e-10,2.929030391423044e-10,1.944663124817384e-17,3.3231206507353313e-12,9.255844123361294e-14,1.5810440806596207e-12,2.279940651100198e-24,3.40978685809633e-28,1.5416219297953436e-31,1.2631055626745286e-28,1.3842666825520418e-36,4.7826725100257103e-29,7.041087116655625e-35,2.1267082908132093e-38,6.481821401114788e-47,7.869489968325695e-40,1.8011423294462998e-54,1.801096932937654e-54,4.5535540559031844e-63
0.00017723166853195936,0.018419348819671073,0.003155990698110916,7.680561416007416e-5,0.00040832267768944414,0.00427697210404547,1.6763314390810386e-6,6.81402835194969e-8,9.083440381649818e-9,1.1089936888507845e-9,1.5188195016828556e-13,8.023883105742811e-14,4.5730519286828585e-21,9.73447913893734e-21,1.5485509123632034e-26,1.5003512185873245e-22,9.26410473559353e-22,2.2935154844826615e-29,1.019884906731685e-28,9.379755634449211e-33,1.0481841496604465e-38,4.767898143267925e-40,1.472661584455958e-45,1.4569638871628154e-56,2.5144433781694996e-46,3.5194371854157456e-42,1.4894776057412964e-46
0.012739433731783436,0.0004205055754893578,0.0019817939276281526,8.75931854715259e-10,0.0004934349673855681,8.585359422550893e-5,9.324499009126518e-6,4.223221014583033e-10,4.643404095492499e-6,2.0088783607284612e-11,7.167620720968125e-17,1.0703325445432659e-13,1.1969906485249574e-19,9.511972575994137e-21,1.2944117624304546e-18,2.270209875036735e-25,4.5704090763257405e-38,1.739075747939517e-32,6.171015985134063e-32,1.5102381382016897e-39,4.4402865551245205e-34,2.2033250843444974e-37,3.43336478176493e-52,1.274436599656766e-47,1.5749162665948021e-47,9.453002238592164e-56,9.644060197620223e-54
0.22484795585857864,0.04241743947304854,1.0263128738445729e-5,0.0025659337755687853,0.00010758247239744504,2.997262443041978e-8,1.5898787230689837e-6,6.843925937296294e-5,4.775998287408844e-9,8.524901286722827e-10,2.9298991935567243e-9,1.938815829382876e-13,1.1115154110636317e-23,5.4158712407129377e-17,6.316966068448238e-20,9.593927416455769e-22,2.1906134053933012e-26,5.586748301317319e-27,6.914533047400425e-35,5.071745090836698e-34,2.4265360602474185e-43,2.8766872767705003e-38,1.0382435532708735e-48,2.251194774798404e-42,9.737078179520896e-54,7.160382896566862e-59,2.409460644007571e-51
0.05084775770569813,0.0015765976289140854,2.8590020933311127e-5,0.0026257917176131574,6.7501265836745e-8,5.083935613242892e-7,3.941495207186052e-5,0.00023713113351260813,9.600863261534377e-9,3.4776546328527195e-10,3.204121120900564e-7,6.007078251341139e-14,6.333420338922982e-17,3.642559359330007e-24,2.8892145737200503e-27,4.125362343826507e-24,9.582273463799528e-29,1.2908520596428633e-28,1.8746342668049503e-33,1.0939181816823939e-36,2.628610157756546e-33,2.0929849907401978e-44,7.901529634080689e-45,2.0796408048243488e-45,1.2071929128832784e-54,6.83383543088136e-56,2.094582449164629e-65
0.004691265833789891,0.0045871967797690835,0.09685246585107539,0.00011405009007603701,0.006164985370287768,0.00015857750317201168,5.373853444046236e-6,3.349271406275534e-7,0.001087642445076643,2.5087917377090534e-8,2.2911257633582024e-12,4.803469563236836e-14,2.2848272691725322e-17,4.085802801170724e-19,7.283863685421666e-19,2.7679267600243624e-21,1.2454630798033651e-24,9.712454693076652e-25,4.934886587668887e-27,1.0693988650215908e-36,1.6047337536030303e-38,2.3829146118329667e-45,6.288959409518836e-37,5.25215826488654e-49,1.3219801342911365e-38,7.306237092146959e-61,2.223689257548132e-48
0.16631378338258931,0.0018381674521825487,2.8590020933311127e-5,0.00019260813543395405,2.093480358948515e-8,5.4164687127499835e-5,3.5073916638907005e-5,6.715635621630182e-14,3.123745134337371e-5,5.136292130864198e-10,1.5099067961434696e-8,1.8327803548241486e-21,5.080504735913226e-19,2.229341350432597e-20,3.75478588188609e-17,2.7675300655912267e-33,1.911967971849467e-31,1.6936207618369158e-31,5.1515820499808696e-36,6.350197488533914e-36,2.6520008127293506e-39,1.2862537402284873e-33,3.0254499865763697e-42,1.722752761783185e-39,2.124247595893385e-59,1.4815456520504935e-57,2.991763231992466e-51
0.035449065484129225,5.157434738613017e-5,0.03053501019922269,0.002878365091975844,0.00959877688290238,0.00025091157736831574,0.0001625292098474188,2.554398597591264e-8,8.550868284362578e-7,6.088136258491328e-16,7.174789257838219e-13,1.36440357189374e-13,1.8922279855946036e-12,3.340459656231195e-21,2.3095257291263205e-27,1.7701287484590122e-25,4.0504396684548865e-35,3.9086937339194175e-26,4.949438063735152e-38,9.46810445057458e-29,2.1876952691904698e-46,6.053428743321151e-43,6.946755689467959e-41,6.979009166805804e-45,3.2164790391568776e-55,1.7513379967024854e-48,2.8691988093467387e-50
0.0022926364832066577,0.019361144929219257,0.00020597560480965928,0.0077393863506385625,0.001948680464437377,1.574509939129355e-5,1.5984911379597297e-5,6.363224461826332e-9,6.688488567756475e-8,1.4002948639019857e-7,3.690041968331115e-7,3.153172274990331e-9,3.549920287979426e-14,1.5439532664398328e-20,4.126798065238257e-23,1.4274071239474853e-26,4.4997276709448535e-29,1.623098077476068e-39,2.5088377507790677e-26,2.3117874917244433e-29,2.8769888033758643e-37,1.7622044733751547e-40,3.9360978388508216e-42,3.087500489585837e-44,1.5276677136282947e-54,2.5747841374497e-52,3.837832078565042e-48
3.0465891261238017e-5,0.00991652281974528,0.0013282701535574394,0.009149345656734547,0.4850326793070995,3.562786030082614e-7,9.096209047361221e-6,2.441366048347414e-6,0.006999665881300968,3.924416738451279e-6,3.4134328386914665e-14,3.717114054750515e-15,4.590199905280632e-15,9.384919289950771e-28,2.0253945182327517e-25,9.077691955436368e-30,2.1906134053933012e-26,1.5357276838760723e-28,2.0389160196421085e-30,2.2559173158960724e-36,6.2000099714559025e-40,1.3183597395392637e-34,9.19478056634392e-41,5.093904201850947e-51,3.6215741285590723e-47,4.759864562265491e-53,6.832705650930366e-49
0.0053876130555267476,0.030682696040751554,0.07832308504800758,0.0006960613050906951,0.0008996367509233061,0.0012407863308838926,0.00012232057208009497,2.7814808898668304e-8,5.979895049199727e-9,2.3113483877023014e-6,3.489221255908343e-15,4.464823846401918e-17,8.513351595953323e-20,1.0897528248282255e-17,1.1411242349204864e-19,1.4111226828167327e-25,8.462715949842789e-32,1.7742790381714466e-36,4.350640683096407e-28,4.986624240353308e-38,7.694501580626255e-41,1.9794835815533519e-41,1.6991548719755807e-41,5.1092211909825195e-39,3.1219790424173818e-53,6.49866277374276e-57,1.8611670929082743e-60
0.002752342746793577,0.0005490142542348004,0.028125444883196998,9.934841523203682e-8,3.363772182144191e-9,0.007816230459029514,1.429690144355133e-6,2.0226294787766265e-7,2.2172057646419755e-6,6.844884807010536e-12,1.3515985695345238e-9,4.697049203355523e-14,3.523291743795287e-20,3.395453191042843e-16,5.135232209847732e-31,1.2323117922403883e-21,4.487078331991809e-28,9.733074179335442e-33,1.6781772106435963e-29,4.5865791128089154e-41,4.900785191150565e-35,2.406042477619915e-44,8.079184937050159e-41,1.2662268238257032e-43,2.2542950218519877e-55,6.058005612992217e-57,1.4320193074520658e-47
0.056623821086591704,4.967281186873748e-5,0.00661144622494184,0.04237137220627276,0.00025199042023683703,1.3826687420143592e-5,3.222138400015891e-6,9.594614067460636e-9,2.936851016514666e-8,9.160414638125782e-10,3.3194457675877987e-7,3.193233799056642e-21,2.892638439405464e-20,5.998019985886576e-24,2.1753279013267863e-24,9.384400259711896e-23,5.416453288406939e-22,1.2829006118455504e-35,1.6118186177148414e-28,6.115820323565089e-31,2.847053400193717e-41,1.792140164566603e-36,1.0070741829916665e-36,5.367300075372874e-43,3.762116297844828e-48,2.458401484360988e-56,9.77210706148714e-53
0.05815302364098049,0.0265997045069363,0.00231845834419724,4.558291692570409e-8,0.004762800232308046,0.001898084682378337,2.1811619481068346e-6,3.6892674839545454e-8,3.2168664659637438e-6,2.68001196172936e-8,1.216902127293922e-13,2.7975517745358157e-16,7.613706091490243e-13,8.27876773818843e-21,4.130667600153521e-20,1.5773509376836393e-20,2.9357310590125104e-25,1.0537818070608932e-25,2.1303588407026227e-35,1.3205178926062403e-32,4.2857230850651267e-38,1.6196572475046745e-47,2.0827228212063113e-42,2.90889014217414e-54,4.462578496612575e-49,3.2218482132686647e-52,3.824063043273671e-57
0.00011965441805844911,0.0040913259785523405,0.02698483396771585,9.252768754245239e-7,0.0002582275238938791,0.0008899432871887983,2.475501078571388e-7,2.2794863824521233e-8,6.870540863996188e-7,7.033408534265942e-10,5.496150425343651e-8,2.2334892314902932e-20,2.0892265954169598e-19,4.914581268051066e-24,1.6475705672650845e-23,6.702397140307239e-21,2.635325467358887e-27,3.1839069740995646e-25,4.852162649252425e-43,1.1935892663491482e-34,5.558120601191979e-46,9.252076319343668e-41,7.981411705662875e-47,1.1065624811049766e-41,9.078034984088823e-54,2.8268586358827634e-56,8.791737748809643e-56
0.0774470425917884,8.90421183952299e-6,5.889509076393065e-5,0.0006960613050906951,0.004394274523607761,0.0001661088759883014,3.7683239669860723e-7,1.2937282950085903e-5,6.704861307070746e-7,1.1011515951088145e-11,1.211971407855289e-12,2.1161478616935183e-13,3.288211373467792e-17,8.561803903253397e-17,6.045167704865921e-22,1.1962859615357897e-19,4.482322881600786e-24,3.499637067662358e-42,4.617642223747651e-40,1.825595205206759e-46,1.9703276402352111e-44,1.180585686648486e-41,1.4893733891036718e-49,8.872549925354649e-48,2.0947548948727376e-47,1.882061343703833e-53,1.8868328641690704e-70
0.1387284369142138,0.0004970170866959706,0.00040806755574969135,0.00019260813543395405,0.01442027810955786,0.001787625446732447,3.850768140954306e-5,0.06854687031818238,4.7473089682841814e-8,1.8659718224381358e-16,8.943017949850989e-10,2.170643300514262e-15,4.99054606247555e-16,2.2909832455875853e-19,7.063613349267172e-22,3.004621049726496e-34,4.983896278485324e-30,3.643475931448377e-30,8.310491632578211e-35,1.1117411009240144e-39,7.565054376306931e-33,2.7656599108532447e-44,2.1116211991991606e-41,1.4259115414512843e-41,3.67347959502787e-53,2.0456329724924003e-49,5.93793143995343e-50
0.01157505400576273,0.0003674269065703427,0.0021440090371965806,0.0002733840924738539,0.0006528785157846879,3.1368386791054814e-5,0.000920997883701942,0.00026732896020899717,1.711581400082988e-6,2.3068497092112604e-7,2.205033786636954e-7,1.0280280806582181e-14,1.2341409600492249e-14,3.562957307283318e-17,8.46919634231909e-37,2.0717463753994994e-21,1.2720393658178987e-24,9.827948031285523e-37,4.854660350782649e-39,1.994097654091364e-48,1.0242519878503144e-35,7.741154992444399e-40,4.95029423517114e-52,3.808361675387986e-49,2.020529697238684e-57,1.3413014925247882e-46,2.6864769314294748e-48
0.1554978184174897,0.0055895704280560544,0.02535054992472564,0.049545292744704816,1.1786927423105887e-5,0.08869983751997464,3.0995062714039046e-7,2.6933343484015396e-6,7.573708422059484e-7,5.077841911910681e-9,3.706110428031085e-8,1.613921938593183e-11,6.929680868791074e-17,7.697742113941319e-14,1.9965568729246158e-21,3.7033425454580826e-27,4.756442288339136e-30,1.7695387089080756e-38,3.1273618333344118e-28,1.7086887866721464e-40,1.5705219921963152e-40,3.345029059478794e-38,8.802288436481914e-49,7.187494455736972e-46,4.132118966440954e-34,1.238493454185098e-49,1.316158752609031e-46
0.052241888564706164,0.00213956483091979,0.0027074370707642213,0.008072008965955058,2.99968636596431e-6,0.0047835749293746715,5.549624853543728e-7,1.9080325746160782e-5,0.0022136715196843966,2.720706104422152e-10,2.2983880226659943e-9,6.037709199885498e-16,3.93367911347405e-14,1.6136426411915587e-21,9.637566783997616e-16,2.294259968123747e-22,1.2257111748276489e-22,4.1112565008717345e-31,5.284820610925802e-34,4.977148089421783e-40,2.894579481815477e-44,1.1074643838465515e-31,3.1796788727873458e-46,6.033197523938928e-47,4.666218307889381e-49,1.9232272759678303e-52,3.764952602956397e-44
0.04948587675537937,5.917166712816451e-6,0.03663105270711851,6.123432660483847e-7,0.00012536854238114837,0.0005689870863357949,1.0095909396064109e-6,3.3550945798665615e-6,3.1149180120352737e-7,3.15292768131809e-10,1.1024647879754992e-13,3.3149341575228667e-17,5.236197259939953e-18,2.8026441928603047e-20,1.9783627296088147e-26,2.606137228102413e-27,1.725465193278559e-27,8.076866510243603e-39,3.028138913122047e-29,1.2606049816998454e-45,1.721628939245478e-40,1.4565923925333342e-31,1.0943328731190076e-43,3.162998000209479e-40,8.905080181612253e-45,2.6931314279803144e-46,3.0910874242858944e-62
0.06295506809449702,0.0049946588458246845,0.006771193885159875,0.0027493993150946965,0.00020697356335667205,0.00019522318700462707,0.00013651817262173174,6.951113804629794e-9,4.097728646400789e-7,2.355888028422678e-6,1.0068012275085766e-11,2.557429065222035e-14,8.378765713755685e-19,1.206377371330115e-13,2.730923374374935e-28,2.657075251852691e-29,2.3280890582127525e-28,9.113763892618715e-29,5.776907412185709e-32,2.6487187800975256e-25,2.5446287135275562e-43,9.859047553747374e-40,2.9921333988119886e-48,1.3176255253316598e-44,2.2592247756733735e-43,9.03383805667632e-58,2.8962552145726746e-69
0.22020555870195352,0.04241743947304854,0.00015175353711883627,0.00022658898522566083,0.0001161529362287035,0.002601983102201528,1.9127561999861795e-6,1.1850835685455792e-6,0.0004540002453741501,1.1692136675337645e-10,1.0300251335989125e-11,6.150757385963012e-22,5.0426630195189394e-23,5.845378074803137e-21,2.124920745406304e-25,8.326533225914496e-24,8.745356531357575e-29,2.605914337136858e-30,7.897251475102956e-28,2.5480214596257325e-37,1.172626151390067e-39,1.78913580776235e-38,3.926308578197663e-27,1.775425005793856e-57,5.36157091771129e-46,4.0160542677431964e-49,9.86014823301421e-54
0.10440839851127312,0.0763412560768623,9.507183260152157e-5,7.90260652975937e-5,0.05444180255243031,6.770963885654925e-6,1.721240477146972e-6,5.697039348830558e-6,0.00043764922725768877,2.213502637742536e-7,1.1021780818945063e-12,5.229986351737027e-16,4.4495316989824235e-18,3.2738805612829867e-18,5.370506322866027e-27,1.5146267522239008e-20,4.051601088252138e-21,2.0737642093673785e-25,1.3299125799584418e-29,1.4608735234014913e-38,1.7462909300091234e-28,9.30908040004464e-48,6.3307955041558586e-40,5.137596871158774e-35,5.528008738074059e-59,7.853702053789122e-56,2.8999174536149985e-44
0.022893452661404638,0.02415200417230939,0.07974340635663024,0.00020335998598489973,4.849987680541878e-7,0.0025023875965281767,1.3856898613932073e-10,1.2983838941031026e-10,3.814608775655832e-10,1.5391927805066541e-10,8.97226545703803e-11,2.8336884534736323e-11,4.997635812722322e-12,4.5099611613557434e-30,2.0742545153420246e-23,1.212491100735415e-22,3.389481850887473e-31,1.1820366032858367e-33,3.4430616369369955e-42,4.9609395279017064e-36,1.4362762414296942e-33,4.4885439652793874e-45,2.7944458253454678e-31,3.673697813316448e-42,7.905960856944647e-46,6.537490094838252e-32,6.17709737839787e-57
0.17771819260640434,0.00043486011522651395,0.004825321889898394,0.0002883450169110198,0.011359854551341671,0.00010146799746046729,0.0029590032042593507,0.011050794113443825,1.1366242048934087e-5,1.229291651615843e-10,9.842729073780597e-9,6.057904495406937e-19,1.2439853803774798e-15,2.0811853513840372e-20,2.0904559318323653e-27,9.852669849527094e-27,9.112501385253458e-33,5.815430918317199e-34,3.362619385768619e-33,6.095346072118077e-32,7.1085584369721255e-40,7.3887872997232595e-37,1.02258755255402e-57,1.5893609484700517e-52,9.307837034995708e-49,1.60852812834499e-51,3.124052144091217e-51
0.0036680216375187804,0.006424180622443926,0.0001769085157035133,0.00010783882361872126,0.0013162048202191789,0.0004888021168273542,0.029411530144430268,4.3659155902517934e-8,8.162442004678272e-13,1.6839820520648795e-8,3.787545221756372e-10,7.446726243462289e-25,6.192447647261264e-17,1.4533199098924541e-13,4.626400918619846e-22,2.9178801487498844e-26,5.214407332689667e-35,1.0196516664428723e-32,3.516877713224026e-33,4.694859044663062e-47,7.55895357207714e-37,6.526318696875993e-45,1.6700443923034299e-46,3.0045921812659573e-47,2.0493215219447932e-47,3.202533356835035e-48,4.1452417463227464e-53
0.04434906187152485,4.271390046971283e-5,0.010083519227094924,4.307219832558075e-5,0.00027782490353452555,4.637815476092589e-6,0.0018351063913614382,0.0011807990239052844,5.196851791371085e-9,2.68001196172936e-8,1.7232524809564603e-14,4.772063707649301e-18,4.00821231480032e-16,2.2909832455875853e-19,1.5061085820626385e-22,9.240250913626265e-20,1.3408015695141981e-37,1.5109954918922696e-31,4.583191219635845e-36,1.8676278487680565e-33,8.527273902937182e-35,3.390432299830229e-35,2.126132405892891e-39,2.2163894040815244e-50,1.977230094721971e-51,1.0771895106835128e-51,4.5416562588682254e-60
0.25426645533094844,0.003862324170576134,0.00032267084197174406,0.0003956293303839366,2.1807582676731276e-5,3.88085649205225e-9,4.325207627239756e-5,2.6280910299829824e-6,1.5325575245170895e-8,2.7246138804124873e-13,1.1650839103809172e-10,4.5076368693505955e-20,1.1913576932563633e-15,9.371637097023518e-22,3.2156151229737113e-16,3.113584097003659e-25,1.413433143377121e-26,1.98440453298252e-33,2.5684953213111987e-33,4.931711429226469e-46,2.167577842182334e-34,2.4735953864984433e-38,5.246131738539351e-41,4.408701853353804e-46,2.636392388346779e-58,4.293150802491606e-43,2.842026068654404e-54
0.017421442909156187,0.047467997928235105,0.028711550577711374,0.0001347845716811829,0.0004934349673855681,0.0005105561366685797,0.0003717216191520527,2.441366048347414e-6,1.1618721720429293e-5,3.441306073499697e-6,4.1779426962628816e-19,3.4941143805198125e-19,6.758215354970921e-18,2.9380119353920596e-18,7.990028441554026e-23,7.832858880202754e-28,2.6491795025353438e-30,1.2942728748784864e-25,9.78634933543732e-32,3.5218349527743703e-41,1.6678087699361312e-45,8.453068968467657e-40,7.34955414119203e-40,3.7570174268114753e-41,2.949828991802027e-48,2.715150171394311e-49,2.419970311980718e-44
0.2977677137390009,0.21719941289591338,0.0008326036665212296,5.92160735382251e-8,5.579268856596555e-6,0.0018605798250102272,9.311431431560979e-7,9.349410508370216e-6,0.004926616502337319,1.5225950743372221e-7,1.2200338148766041e-15,1.2546349684252615e-16,4.776741733984396e-16,6.3770916991375496e-15,5.50498855629212e-27,5.754914749834551e-28,2.7996858834954704e-22,6.4001218949749745e-18,7.015878892503896e-41,3.633045281968091e-31,1.0725988815018154e-41,1.073983903999515e-34,6.74448487459761e-45,3.1755906303983125e-41,2.339965049821891e-41,2.9092432784347662e-40,7.836919453459972e-50
0.0006709252557796643,1.9003523421123648e-5,0.16466995784975072,7.254142213668518e-5,0.00027782490353452555,2.9299455076544393e-10,0.004150753776342067,2.215388813170577e-8,1.928674214775562e-7,3.3508242181320045e-9,3.175826830535073e-9,3.780695348879354e-19,4.996163121444036e-15,3.4209498045913434e-19,1.2168721577622129e-17,4.623546712201206e-23,2.078357221666843e-28,1.1678486034223149e-36,5.764677629776347e-40,1.1622141942333044e-35,4.71498241297987e-40,2.662517266824243e-52,5.62727390002619e-45,2.938879929018942e-43,4.7424178908350955e-53,9.03383805667632e-58,8.356925123991789e-47
0.13244424386083034,0.0337022412499441,0.040458193480510815,2.6014595308145812e-5,7.691039722492057e-5,3.555773589143272e-5,4.06111569880539e-6,3.177299812131737e-7,5.294921271604188e-10,7.959984835685692e-17,7.792903270901536e-14,1.6012181262093057e-16,8.378765713755685e-19,1.7722990673932048e-20,7.909317124874731e-19,1.1315799900175339e-29,1.836027590178262e-23,7.905544350735711e-28,9.053356938210159e-37,4.720579602569543e-35,1.8443705301479235e-40,1.1261102729291785e-46,1.3894945144074117e-44,2.17317347960509e-43,2.6161882747952978e-43,2.5994278608255528e-62,1.6311265699404582e-51
0.17385022345171117,0.012241953902211675,0.0001471470958533193,1.9826863062684528e-5,5.467415283355741e-5,0.00012552804090185872,3.04658912612306e-5,2.9233441010710575e-5,4.761787883487922e-11,3.4858128442876776e-8,2.3602165881930294e-13,1.9759307940713127e-15,1.0130127934508096e-18,3.465322879159807e-16,3.1911606520408558e-27,2.3719617993439027e-26,5.11978339979308e-21,2.526084580943264e-26,1.8057031331314784e-31,5.8529242211913104e-33,6.726406753847091e-42,3.5682646350374226e-38,4.854014911526217e-43,2.4734279013431524e-43,1.1916897915466758e-49,2.9082516108095377e-64,2.3780794360588552e-54
0.021560247094672958,0.03697946671601951,0.007446003220305662,0.12936418779857542,2.465577758583335e-7,0.01148323315038123,4.813444872598393e-9,5.6410010134695373e-5,1.5100045220097158e-5,5.993456534227926e-12,3.872415898593576e-15,9.544346984555543e-20,8.607454829996197e-16,4.085802801170724e-19,2.2324978605981308e-15,3.0035181535410907e-23,2.2758686060326333e-28,1.0867361701087527e-23,2.1500334425770546e-31,2.549904988256168e-38,1.3371467372337187e-40,5.270979058604795e-46,8.913450769828218e-46,1.0356289458931983e-44,1.41371631408014e-45,3.002887718568817e-38,1.7645057878655933e-48
0.004691265833789891,0.013580054650927193,0.004825321889898394,6.467907532940506e-5,0.000212153005523777,1.0139957682042976e-9,8.873286431013027e-6,7.61387808233347e-5,1.2061555987462086e-10,2.4006061257041488e-8,4.892696463186275e-15,1.0664253876663315e-12,2.027290264236368e-13,6.026658843412592e-14,2.4838350613798457e-17,5.340367684651455e-25,4.178625406545987e-34,2.569468031252526e-33,1.4770734710609906e-24,1.6794327691112658e-38,2.9343212894633947e-43,3.3210868771943667e-35,8.082208103196075e-45,6.801261844000467e-39,2.0589235722732195e-42,3.445851224012527e-52,1.3961430651186237e-57
0.2594341690936009,0.1359184284180846,0.06647598367468685,1.213577544333992e-5,1.5413228972407216e-6,0.00031426716019522294,9.91281063833841e-8,1.5883542020038454e-7,0.00012972511847408235,1.2923877078664717e-10,8.686528605843717e-13,8.929836721910545e-10,9.127351100432739e-18,1.0897528248282255e-17,1.611582678756202e-22,1.8055103584742552e-18,8.551845121618552e-31,3.3152235011714453e-21,6.210142618801745e-36,1.0304505141266128e-38,5.476343705341094e-36,7.5121655209348515e-53,6.370384547666604e-42,4.210052798438144e-45,1.5600226605319286e-46,4.1804439523560125e-51,2.5704533196382205e-44
0.00341593912275395,0.002272474042908772,0.000304123156222478,2.5437079300556817e-7,0.0008996367509233061,0.012088730648796536,1.2512527363320634e-6,3.4872616942027647e-8,0.0017536379502378246,1.4282331351473115e-10,8.735742339942395e-8,4.912261775465088e-14,3.363696197483933e-17,6.259546872164912e-22,6.304753971253377e-19,4.462632996726911e-25,2.7119417124211236e-29,2.6375252322402975e-32,9.966458870052873e-34,3.1715051469289837e-40,1.0189602699440878e-37,1.713426867062508e-38,1.3988829137418024e-33,7.235511503248165e-48,1.7915953069027633e-40,2.120837006471863e-59,3.1819082940612894e-53
0.0002016649664545092,0.0020138919133158963,0.0351912337971332,0.35713460046971945,0.00043847716645313865,0.00018644633558204566,0.002052077015371571,1.0170720137221998e-8,9.318649721414292e-6,1.9427154731841475e-13,2.6394039377272244e-10,5.696388038284541e-12,4.1832361649791147e-14,1.5654635229047767e-13,1.685928964992451e-22,8.754116464643035e-26,1.109990657249212e-26,7.26449041587199e-30,2.1869221762700248e-32,2.5480214596257325e-37,1.2731002448223539e-31,3.4161864162608982e-43,6.510822597674376e-39,2.1893651788331477e-51,8.076896948546027e-54,5.973422614223189e-48,1.1513936857650882e-53
0.6693151476782175,0.00021942805369566464,0.00021230687222265258,1.8792593538949648e-6,0.0010300793032650107,1.2133348530941555e-5,4.991558124885943e-10,1.5049246515292334e-7,8.33466400036068e-11,1.9381003580876924e-12,5.791455655099455e-16,3.476175407069137e-16,8.109290892612803e-17,1.7824271400202813e-18,6.522593059605244e-25,5.349559031180069e-21,1.2819497438405277e-32,3.9906355642794655e-26,3.519496472312262e-26,3.23789652051674e-35,2.6988566738489326e-42,6.053428743321151e-43,1.4646203854233673e-42,5.464117297332373e-55,1.408071313288245e-52,9.866530625169406e-43,5.217677425893124e-45
0.08356539482937,0.005748098488523824,1.1795967532390506e-5,0.002449986361249013,6.749528465829951e-5,0.00854071936312412,3.306392574853429e-6,6.4159043393231605e-6,1.1366242048934087e-5,6.626893649065854e-7,4.4360901404197427e-13,8.956858713183604e-15,2.0888300685720817e-21,3.195830294801299e-28,1.6055199433329694e-32,3.0995415976439184e-28,1.1563439369952414e-33,9.141807671502309e-25,2.3520992110579188e-29,1.640187613866593e-33,2.820678049805748e-32,1.0807794873281001e-36,6.774607681452324e-46,8.404596288126265e-42,9.504326435503598e-53,2.404964014578302e-41,5.697124502245218e-58
0.00026039709087628067,0.013580054650927193,1.747930887702036e-6,0.00043906072906768704,4.679811065637513e-6,5.888576337770801e-7,4.226070686086763e-5,0.0006649805143435622,4.872868760463379e-7,4.127146924096367e-9,1.4159180375384646e-10,1.6804862792964954e-11,4.083831770478233e-20,2.3944757644748758e-23,3.1911606520408558e-27,2.6741979612181734e-31,2.473429777759177e-17,8.57322485718292e-24,6.309605852899237e-29,8.766581834783284e-35,5.025266137298911e-44,2.3830237306075773e-32,7.925693599001286e-42,6.745290585210777e-51,3.067683911764873e-55,2.1838270005683356e-49,4.721672198904733e-52
0.001520216044204159,0.0010495580030449266,0.007101296796606316,1.6537787673504486e-7,1.212546441701618e-5,1.7015819204458452e-5,3.537836649973484e-8,3.2744756143928505e-6,1.956804225870666e-5,7.030421932111764e-13,5.16083740674774e-18,2.3533973086441547e-19,3.5131228231277483e-16,1.054944774535061e-21,4.4646569361797807e-29,3.652965218536538e-22,1.7325200769377448e-20,4.83576281451453e-33,4.4639042196575335e-35,4.4755312662062275e-31,1.0001631495106814e-41,2.2884165190812119e-35,1.270003492317709e-40,1.91077938107129e-56,2.0726954073136243e-59,2.6983026159816686e-56,8.791737748809643e-56
0.170048974320668,0.3112356035423459,8.114662784637772e-5,0.00023912292219508045,2.6433735965892815e-5,9.634145769201175e-8,2.521421035408687e-5,0.0045560590356231966,6.515200104369055e-8,7.83791627279798e-9,1.5356416342826881e-12,1.4163377381520964e-14,1.659213610422314e-17,1.563782280948591e-18,6.3590031867749704e-21,2.99972305789271e-30,1.184419834269137e-31,5.146931405511703e-28,1.8112528147315507e-35,8.190266984858021e-34,9.55663030205092e-40,3.963766303282619e-41,4.695623479469491e-40,6.28052998340387e-52,5.577546361076302e-49,2.1961570303636225e-51,5.735771534041594e-44
0.028987056853593877,0.03530755478217053,0.08717517712983339,0.03422229901077568,0.09044964303672062,4.386110447546461e-7,6.99798776459748e-5,3.2744756143928505e-6,2.0426186681601957e-5,8.431065884749494e-11,3.180642446205769e-11,1.4488557551177436e-10,7.405960501339891e-14,2.6773770748511987e-20,7.329442182646086e-24,1.1727881492618937e-19,9.477697551079749e-24,9.859429705837837e-27,1.1466999525915971e-29,6.494194460796525e-32,6.263213062429394e-43,1.3511696975791176e-41,6.606611567883168e-40,4.976014533674749e-51,3.6610387668126254e-51,8.752249853914515e-53,4.42263652128815e-52
0.03968187953811564,0.014297272158060181,0.002777850582427945,0.010788516728472477,0.0003061446609732553,3.298421676136198e-5,9.063273166970272e-7,1.2642418892963197e-5,2.06776419499424e-8,3.0764964824365434e-10,2.6019818105073596e-13,6.715635621621116e-14,2.583366970556466e-15,5.098793522066054e-19,2.6605176350276215e-11,2.1599059765885016e-27,1.222265536059499e-21,2.9861905566305387e-29,2.856064680340923e-27,2.022801688433518e-31,1.3703905113983565e-46,1.963077152553521e-47,5.710697020239889e-42,1.0065392624944963e-37,3.6407439022602985e-39,5.70041828144332e-51,5.008079249774667e-46
0.010853116781940354,0.42419650019275135,0.004372248681097991,0.004222394778437102,0.00016544537366731496,3.094947000182198e-8,1.2512527363320634e-6,8.050508359852292e-9,2.1527003213750864e-9,9.380389229549099e-8,7.414914779070028e-14,2.928828408477274e-14,5.3592579381496374e-18,6.358023838587499e-20,5.022668908187837e-19,6.247443144611548e-25,9.84846653614169e-17,2.1303752804762364e-30,6.4158919180552e-27,1.5908864521541897e-41,3.806929467643121e-39,8.053405391090822e-45,6.066433680248721e-40,2.292575740606657e-47,5.250884566366416e-47,6.041407043912973e-54,1.6054054882261613e-45
2.083444733082033e-5,1.5602914730856837e-5,0.02535054992472564,0.009735532571397748,0.0001161529362287035,0.00019522318700462707,0.002052077015371571,0.00017158139124128597,4.0315987824929685e-9,6.714190042024269e-11,1.3699284092857141e-14,2.7737634393307055e-20,1.6203713236913511e-16,8.340501330643223e-20,8.375763111810605e-27,7.472237646845776e-25,9.345978402825668e-21,1.9514394396234378e-45,1.3368132135217852e-33,3.76684745171473e-30,7.738049534892497e-42,8.208005339362427e-44,2.4916888020449276e-38,2.723422309135436e-48,7.890275809431012e-54,7.145271387245518e-53,2.877534773739139e-62
0.25426645533094844,0.11657920807455449,2.185036948610527e-6,0.08022361370756573,0.00045973078669548257,0.0006902822663631256,6.541263427979483e-7,3.624233550181124e-7,0.00017716787661461485,2.5337143555936915e-9,1.539384905326321e-8,2.4124368783681316e-13,2.5366415611254805e-23,4.7408119530348e-21,9.21927799950467e-22,2.1875864412134196e-18,2.3814981975022628e-28,2.027135242772646e-20,1.7920739540316557e-33,1.0184389420313339e-37,2.1148842715723413e-39,2.0215065129358105e-45,3.7070976962120554e-36,3.4427605162580325e-44,1.3943508402158309e-49,1.0655911431832886e-47,1.0458205894127739e-50
0.001639600244862886,0.0337022412499441,0.0035811266363719165,0.0004505989683591885,0.0007847703065127081,7.612899218077554e-5,1.1083502467288265e-5,2.9436495254988044e-8,7.426633388884954e-5,3.1940443161583816e-8,1.873846200920462e-10,4.464823846401918e-17,2.9366033063967853e-15,1.3340182463607688e-14,8.710505138180475e-28,1.6298487028766022e-24,7.32547615113197e-32,2.4202342423998695e-28,6.796300341559621e-31,1.8568573005983183e-35,3.6305528492770647e-45,3.734297640900671e-42,4.6709869808323683e-48,2.603574790744972e-38,3.633429666041882e-46,3.14711666686499e-40,1.6773270442436513e-57
0.1520200825415138,0.010737070696533684,0.002849952868138278,2.0764459170908936e-6,5.3245204198000085e-5,1.3123823509588854e-5,9.91281063833841e-8,2.7960141013286883e-5,1.3142719097838389e-7,9.183434450782934e-8,1.8112972413444063e-12,1.9929354821179154e-16,1.793562980666733e-21,2.3093745753138042e-26,2.638594899506988e-20,1.8178037478279357e-20,7.962133888979256e-20,3.47934724127574e-32,3.516877713224026e-33,5.5116895923045296e-31,8.435886548913329e-36,5.666494428512586e-41,1.727326979912718e-45,8.188761868489336e-31,7.716779464602197e-53,2.4152376379548463e-62,6.693029249424821e-58
0.00453059124173473,0.032161335425795676,0.00220075934627653,0.0017645972173154511,2.3099506596613818e-7,0.00444008658407525,0.004857152909774733,0.0003811831471239286,1.9186139369641103e-9,1.1327104506284741e-13,1.0725714047399226e-19,1.2652656631181279e-10,4.1832361649791147e-14,8.993265300783057e-18,1.640398848230379e-24,3.311201390803291e-30,3.1978429532457883e-25,1.4896248644506323e-23,2.029938941099103e-38,1.3490171769292292e-32,3.7496432958753303e-38,5.338368607073947e-35,5.741041157876463e-50,1.1065624811049766e-41,8.186516746278067e-62,1.5343558071111366e-54,4.347475645659912e-45
0.0017025080015707784,0.014297272158060181,0.005192952625386762,0.0007697591998474269,4.916872440417676e-5,3.725644008440378e-12,0.00039552252488391713,1.6018298426222004e-6,2.3812443888364592e-11,7.81466135171171e-12,6.775329616793964e-9,1.9145713538280532e-17,6.449551632935843e-19,4.4869910524407354e-17,7.306082967467595e-28,3.706414856185651e-31,9.870736842325594e-25,4.697751447183662e-34,4.8439725378673716e-32,1.2239386776756846e-37,1.1963050376658195e-36,5.485780501110179e-38,1.1404533973632023e-40,1.473191130756881e-43,4.075429679983061e-55,7.433747317416051e-51,2.070568682253243e-55
0.2343543902189403,0.03961712021651945,2.5858328597576116e-5,6.656492176225133e-5,1.1176476508875393e-7,1.0904759584799654e-7,8.864643314751237e-11,0.00035250250849286986,4.048748166003716e-6,8.80149204644762e-8,1.986905103000003e-11,5.253394727895858e-14,5.457732385524514e-13,7.883434807129959e-24,7.344373467198835e-25,1.3168845582907792e-23,2.3814981975022628e-28,1.4381602483109497e-27,2.6815926765763626e-40,5.6200616005424775e-42,1.5864810940284359e-44,3.314313986391839e-41,9.825947112098191e-47,4.391307147151839e-48,1.4592699404360965e-38,2.2959795115075554e-51,4.847296865608488e-54
0.0004856352066762731,0.023004755092560506,0.07418978013891762,0.03068944690329608,6.089145369899731e-6,3.299688019677941e-8,1.3921443253245916e-6,1.2937282950085903e-5,3.274754261184418e-7,9.102746351422111e-7,5.00455445830219e-13,8.24397972362853e-11,6.4775591269406e-17,1.0978632726322153e-16,5.825761872034054e-28,1.1988256698299547e-27,3.186703119097638e-29,3.070289797458021e-22,8.890589019234228e-30,1.485767671539973e-35,1.418376824136329e-41,1.546253116056104e-41,1.541153096685604e-40,3.936716196956214e-51,9.101725877823415e-50,1.882061343703833e-53,3.9029047606479696e-42
8.381464374013675e-5,0.5240831411739507,0.0151318535179913,2.3065494092532144e-5,0.0018266842876705383,1.574509939129355e-5,0.0010764864593984156,8.519373723588572e-7,1.018074039188015e-5,1.1692136675337645e-10,1.2194659506132846e-9,1.5985669560953924e-15,2.6380200862633723e-16,1.4007828743427376e-21,7.295912934751032e-23,6.217020107194204e-26,3.2044361076060527e-21,3.3179563642022675e-20,4.499780341983876e-33,3.06856100454069e-29,2.7345789774059635e-34,8.657795464961201e-46,1.2234823516384087e-43,4.211200358088566e-47,3.985168533009675e-38,1.5402637781054045e-36,2.4524389428969505e-52
0.07171187496045074,0.20625257024377938,0.00045834984145869486,0.009735532571397748,6.749528465829951e-5,3.830301239879234e-6,3.986108431520711e-8,0.00025180289717734806,4.54720448631539e-5,5.836093371842736e-12,2.543479479702145e-9,4.772063707649301e-18,5.299185892094833e-11,1.7518302355475688e-19,1.2567532799182281e-21,5.633522301696762e-29,5.589040342156747e-26,2.7985285507555816e-17,4.936781870430025e-34,7.18676269992771e-35,1.0781748499143044e-42,6.334804854834353e-34,2.7675300656131723e-33,9.577035522855529e-51,1.1276221079640879e-42,1.0628450997737699e-49,2.681077235370497e-59
0.0002495995262663697,0.0003931237332466269,5.889509076393065e-5,0.0027493993150946965,0.0010534661183700944,5.285226643367517e-5,1.2227135932737458e-5,3.794490501896077e-8,1.915201129411358e-5,9.183434450782934e-8,1.6468643904608422e-10,1.0316223585605308e-16,2.3024531676209862e-14,1.1768638429657632e-18,1.5756363562979478e-22,4.872537640103374e-29,5.164337759330022e-29,3.4937359046138067e-38,1.1166408867152845e-30,8.766581834783284e-35,1.1466078149357071e-38,6.183796937395577e-39,1.4301437008215806e-43,1.2045604833414945e-53,9.096823204305996e-45,1.27628429529394e-65,3.0446108985845517e-53
0.09008566445088285,0.048538380285950034,0.0016465422104614922,0.00020894639556616107,9.658526224731826e-6,6.95497853098088e-6,0.0002150445548508816,0.0001751156525595052,4.3061009018584376e-7,1.3251134925159136e-10,1.049284380554266e-13,7.442957598171379e-12,1.5141671035092427e-18,8.316927459120025e-23,1.4821177918585488e-25,1.5104872534549953e-25,9.307985534915579e-27,3.238043898422647e-24,2.888149253620213e-40,5.34410754519436e-38,1.216842904057601e-35,5.4849560793473303e-42,9.279840613095446e-37,1.5155938015043215e-52,8.413381672121592e-44,1.553922538357602e-59,8.324702464868232e-55
0.001520216044204159,0.018419348819671073,1.3546899995403017e-5,2.0548604220813668e-8,0.0004934349673855681,3.555773589143272e-5,8.03289702830063e-6,0.10260530030891946,0.0010324167978447627,3.6064601478630263e-13,3.837240120142039e-13,1.3225245957200531e-14,8.132151462814649e-18,8.117493808634994e-23,2.3801990852003587e-21,3.2046546127043754e-23,1.0602883023025795e-18,2.795663377638413e-29,3.028138913122047e-29,6.918949851393344e-32,2.069710084812104e-30,1.2000458362615854e-42,1.8044555399469596e-32,5.637588201170408e-48,5.391367942736882e-51,3.738377196692912e-42,2.658330255713957e-54
0.013573266327194446,0.0019536559406439003,0.005192952625386762,2.12744734514059e-7,8.296990274563307e-7,0.0004577985165313053,7.321920416382425e-5,6.951113804629794e-9,1.974693146670277e-9,1.7218878185211468e-8,2.652276910187296e-14,2.928828408477274e-14,7.764785672309116e-18,8.467645753708646e-19,2.180041979852788e-21,2.4721403637078124e-23,2.974100375259911e-26,6.369414780979867e-24,2.2953340688899757e-31,8.367025390662151e-30,1.2979992062973826e-35,2.843685283313882e-43,2.9597833891374304e-42,1.456338494254349e-41,9.727603558412409e-52,4.144266166003839e-58,3.984004177411297e-56
0.3035549830222233,0.00018416972271680717,0.0009050885085597343,0.0001547448665571074,0.00021745481283338636,0.0013467417726538667,1.5648311464226924e-8,0.058351065719717,6.866248756100513e-8,2.0519413619213694e-9,9.868853320878847e-16,2.3293850285321283e-12,7.555789823725707e-21,5.549490841583773e-20,9.839447866828575e-26,2.078643319218483e-23,5.103610121941542e-32,1.475604305715588e-29,3.9339679880923496e-33,8.125476515160482e-36,1.950088250250417e-34,6.823436784471728e-44,1.7912248334059254e-40,1.7709185404499828e-38,1.149733482481343e-44,1.3421608853929406e-43,2.159784370562038e-56
0.6187560849852243,2.2223665587150516e-5,2.4413660483460783e-6,3.2062199113882445e-5,0.0004181503562727209,7.393371272555046e-10,0.00020603483130942474,2.2674542774962626e-6,2.026090573696628e-10,3.4858128442876776e-8,6.674561942045195e-15,1.8641646007847245e-9,1.2970018544520532e-16,4.421872841543284e-20,2.9711958218577695e-25,1.345880928200936e-23,4.539296165324817e-30,5.602519148121001e-35,7.408369949955278e-35,1.2903047514788772e-30,1.8460982886448068e-39,2.744518272823927e-40,3.302929613503142e-42,4.507855124671562e-46,3.040034224653745e-47,3.3273127232248847e-50,1.8505392559630713e-42
0.09008566445088285,0.0002796273261293179,0.000304123156222478,0.04623652653511215,0.0003711443505044773,0.00010390744964370621,3.04658912612306e-5,8.123653250939212e-6,9.391621147768401e-8,3.7424411428668377e-10,2.6600986364973878e-11,4.534899192075566e-18,3.8122158732913907e-19,4.796688631076472e-16,7.243696435008797e-21,3.2181579666985998e-27,1.275657774874563e-19,5.1868949851518985e-33,2.505275650690688e-35,6.426865046049057e-38,9.581652702933193e-39,1.076447004652751e-39,4.607825221524754e-41,1.042881648587857e-53,5.300959053871591e-54,1.1857575981018634e-62,6.148691643122032e-66
0.037513312147056034,0.027244906828139646,0.00035250250849277093,6.467907532940506e-5,0.00015735552544437445,0.0006756961229885625,6.785007675364571e-8,0.00012091001937302768,0.00013229678083664524,3.5099660000610083e-9,6.176789113155177e-15,1.2812417968894894e-17,2.272075146765895e-15,8.705774623209174e-24,1.248923299106289e-23,2.731294854706295e-27,3.6617009664467835e-28,1.9906257785334506e-25,7.1639330631461e-39,2.4735369638763633e-33,2.494522427957881e-32,2.737116032008186e-32,4.457242914537568e-48,1.9348171400208578e-48,4.964967878153386e-44,1.0430198792368516e-47,7.963997053972594e-52
0.06295506809449702,3.4439683794915346e-6,0.0025715336127680663,0.0008297610256692282,0.00316716158873066,1.025036832205096e-7,4.3294600372193764e-7,1.6635992533456246e-8,1.576981608423386e-5,1.5750724289333856e-8,5.133604363836289e-9,5.041770900335682e-13,6.062674177114949e-23,3.447356818536991e-22,4.979383899696732e-16,4.4069691701901586e-24,9.714718760643677e-21,1.2741054833862067e-38,1.2213969557274888e-33,3.06856100454069e-29,1.9640194952919442e-41,1.0078041017953477e-39,1.4103341248313703e-48,2.6696457672905152e-42,2.7851324765548357e-47,7.373337267094476e-49,2.027173923631441e-59
0.029841473010030435,0.00026100104344512767,0.000723740381129293,0.002878365091975844,0.0006996925832633689,0.00019522318700462707,0.00768899359252537,3.490247482286958e-5,1.169548455123014e-6,9.543291839322565e-14,6.419972032996697e-17,1.0240131716577283e-13,1.6807900444880167e-19,6.07634477063944e-20,7.748148777734712e-19,4.570286079970952e-27,3.9544337287981494e-24,1.7491465202024189e-28,5.449778018994619e-29,2.172830366417161e-33,9.687269280870818e-35,6.235478342933964e-55,2.4798216549958155e-48,1.1891136055217269e-39,4.589594354473844e-48,8.951671433204767e-53,3.475273250909746e-53
0.42815742108603994,0.04437863680154049,0.00010781671892562628,4.43528841640323e-5,0.03966534925280597,0.0020552308404168554,1.0550863854613035e-5,1.0866970120483228e-7,4.1855270987421696e-5,4.660664854028545e-10,2.529124285230609e-10,5.1371707104341504e-14,2.3996794097127232e-14,4.127147767815695e-24,2.259128741675083e-22,7.825883459535829e-18,3.8177722175110095e-31,1.4435469507366103e-31,5.503441273626897e-33,8.418665490355077e-28,6.989302140040842e-38,5.270979058604795e-46,6.161340523600413e-37,1.0218357141154033e-35,6.036933469346015e-43,1.936979981386125e-45,3.0569348694374307e-49
0.0774470425917884,0.020854463299979597,0.01652380214375405,0.09398908279198491,7.552229604493522e-7,3.936758773866074e-6,1.0204363516139105e-7,1.1555284115430299e-6,1.5203913039328806e-6,4.642057703535066e-6,5.08847465349148e-10,5.8594640093900954e-21,1.5192787370065558e-20,3.6139912397421474e-14,8.675704565292541e-20,5.673802900079213e-26,7.813015840252595e-20,5.608872867191682e-28,1.4006032332789379e-27,3.6179255893930716e-35,2.1275319058531902e-35,7.08219574636341e-41,8.854429596836006e-61,1.9528504917063694e-44,8.484085435124018e-47,6.054329996177774e-42,9.92703602154756e-62
0.24917499550506575,0.04962958751790495,0.0014402294759185775,0.014885715282641723,8.756584913356414e-5,9.447172616081706e-5,4.242755827829954e-9,0.0045560590356231966,1.0372445630548625e-6,1.075904020889895e-8,5.153126281618924e-15,4.5929498315406364e-14,7.04128059375827e-13,2.8361797376822896e-24,1.987184582750324e-18,2.734188276557783e-32,1.5822403478458344e-28,4.592053146640323e-25,2.1303771880989112e-38,1.559540571326595e-44,8.071942767617534e-37,9.498928559265118e-34,6.481821401114788e-47,1.5162768870697525e-49,6.848807230664757e-37,4.543783008374692e-55,1.714705094516023e-53
0.3094203877272802,0.010456972525949973,0.0015609232280573446,7.352480494421955e-6,0.003511649209773902,0.00012552804090185872,1.3845538039374841e-8,0.00030714295604589734,1.8329979152598815e-7,5.647066263191028e-7,2.2233236223607913e-11,2.632245777155773e-13,4.247053808948604e-18,3.647624002124648e-18,6.511708208475838e-23,1.8521225082194135e-25,3.640361767421145e-31,7.490004683723785e-29,4.854660350782649e-39,7.263417315706724e-39,4.358814396910735e-39,8.618495455610436e-36,6.32512759980573e-46,1.9275347026305866e-50,3.9686577676211884e-56,2.2038353488044406e-47,8.50110382035934e-52
0.01157505400576273,0.15490371845382964,0.001159515748011123,0.0002807705361826151,0.00019697124202696165,1.4565529419880826e-5,4.6245447075672105e-8,7.7774475121327e-5,8.357865048489878e-9,1.075904020889895e-8,1.236788972280023e-14,1.36440357189374e-13,3.607477787936474e-18,6.267406952193347e-21,2.5882354612844134e-18,5.1060815146924105e-25,3.690243036433827e-23,7.19091832242397e-33,1.045147889760367e-31,4.4316311326638326e-43,2.6932682941761663e-35,7.120690757567897e-49,4.5880056711428903e-35,9.904135411117558e-56,6.816042054330287e-49,3.304533954742542e-38,1.035901934217936e-57
0.18972889668116968,0.0032442010878026666,9.507183260152157e-5,2.524524291395476e-5,0.00015345249984231185,7.612899218077554e-5,7.942380310159326e-9,0.00014866765243809094,0.00011300677114163528,6.837437435500866e-9,2.3033126964184415e-13,5.696388038284541e-12,1.0975317132642162e-17,4.271055943810322e-19,1.4157919272411202e-20,2.343391470445965e-22,1.2991775525953143e-24,1.3299467259453877e-33,9.6934278799402e-28,2.549904988256168e-38,2.6788410477115984e-30,1.0837249146090281e-35,1.774452662576649e-52,7.292152122972264e-45,7.318612159537933e-38,7.192618650113536e-45,1.0248357597010221e-45
0.14195986887800346,0.0029706153589885093,0.0027074370707642213,6.467907532940506e-5,6.574877711395643e-5,0.00013787641473574972,0.0005598367584700851,1.6272012824082585e-5,3.6076745272016954e-13,8.202068272655617e-9,6.839217944405842e-13,1.104505927450347e-10,1.5139020066656585e-17,6.794280058273921e-19,1.2917414399505985e-17,2.5001587474274463e-28,6.397368227816727e-27,1.1486160589431652e-31,6.056390252313447e-37,9.424802201138961e-40,8.299251848912322e-42,9.264065877438255e-45,3.417041490028124e-45,2.3741007120510562e-45,7.905960856944647e-46,3.449224312705467e-49,3.3301289144284656e-52
0.1554978184174897,0.11432922237727966,0.03663105270711851,0.01218739515065513,0.0004489857148899783,0.04658751920078129,1.9186663427202027e-7,8.289877894020592e-9,9.52736075430862e-6,1.4910831937614918e-7,8.581150689540507e-9,7.341142485398704e-14,8.997354719861178e-19,1.138261622723586e-31,2.6168404537152276e-32,1.545674139687184e-20,6.715370748472722e-20,3.4935198619989617e-28,2.4288653973544003e-40,9.718746820302701e-36,4.6044372819405495e-43,1.988738412188721e-39,1.242972763427128e-40,5.727490872709403e-45,1.643184890950622e-45,9.9255844978783e-55,1.2715072608012085e-52
5.32292330325218e-5,0.2969483358504945,0.00022552538812431951,0.000553719221848804,4.589318067363597e-10,0.04017870820819123,0.0014916605449810775,1.917155987757183e-7,0.0002066481809849783,6.950864072749329e-5,8.981692118706132e-12,1.8528642192835996e-16,1.7219555869428962e-19,4.213789379019716e-17,7.687659296774453e-18,1.0005771707018023e-22,2.4164871081858864e-29,1.531884820040977e-33,4.338564312004546e-32,1.5907877946840427e-40,7.630354122703289e-30,1.0736887234827263e-46,9.059934797340102e-51,4.3739760589989404e-44,5.577546361076302e-49,2.0366895744639087e-58,4.264088271705464e-56
0.005575892743404904,0.04241743947304854,0.0007873380812619938,0.005738985404528318,0.03657005292149194,0.0019752083513635194,3.292387605418954e-9,1.864164600784413e-9,1.956804225870666e-5,9.183434450782934e-8,8.778655786952965e-12,3.121683053149944e-12,2.874590536845562e-15,1.6379615622279559e-19,2.4715839648483786e-22,1.874404635904196e-30,4.1999930787747414e-29,2.109678572351767e-27,3.636652041921776e-32,1.3413150701764368e-36,5.851448782943894e-38,1.1222583419917584e-45,1.3868856784634435e-38,1.3612569103035e-55,2.4170244071568412e-48,2.824682356597822e-60,8.019284674811794e-65
0.6187560849852243,0.00032070586837871053,8.924922512273772e-5,2.4880715301231328e-8,0.0006837491234887818,6.080583098066142e-6,3.466144328022141e-7,1.860068461079848e-6,1.0971905108386781e-7,2.5936159390331364e-9,5.545147918662491e-12,1.84129214057141e-15,2.897870274493147e-24,2.129455223290202e-20,1.6309153921179385e-19,6.793066564664816e-27,3.271432526149157e-30,1.728369578916256e-34,2.477532300642547e-27,7.407237270523237e-41,5.165797378493675e-40,5.793115074709328e-32,2.847283917130428e-36,4.117545113373439e-47,2.2179221849821962e-33,1.1348612780701386e-49,3.603864148174129e-48
0.03348500632827423,0.00032070586837871053,0.4204286278776712,0.00016803255468605412,0.0001496412962437522,0.0007516294521864995,8.133003841485718e-7,7.393835610277177e-6,3.034853088298875e-9,2.526895423346315e-10,4.7324731214264864e-8,5.874462006500748e-14,4.216773415608241e-15,2.084302997103302e-25,1.518198607508829e-25,1.7701249837080609e-32,2.0171682902070926e-27,1.4991492495440698e-26,1.7934279810890704e-36,6.612132935598194e-40,4.303312978069194e-40,7.24664715340444e-40,3.536139775511763e-51,1.8712453996828888e-47,5.025175341355805e-46,3.047356403626043e-50,2.1321516716048396e-48
0.008354935036725119,0.019361144929219257,0.011565219395870246,0.0010892860257589014,9.708540663274608e-5,0.012088730648796536,9.063273166970272e-7,2.1055100430579164e-6,7.427489572975642e-8,5.863233585767619e-8,1.595318478721789e-13,1.2655403732465478e-11,3.285751921321418e-18,1.376090053592794e-20,4.693079798683974e-20,8.355658298023533e-25,1.0025597760491104e-25,2.543978135432297e-25,1.2559887584477402e-28,2.25259118634313e-39,4.319385454362978e-41,1.6196572475046745e-47,1.3572443870902071e-46,1.8072440620529774e-38,1.0603956644199252e-47,1.8089408741698303e-58,1.3285007041950856e-52
0.05971754340354735,0.04241743947304854,0.04550697810265864,0.0018944005550306452,0.006287115801801785,1.9354581608760198e-5,6.025755293987209e-7,1.0104225129812914e-9,8.245502700620769e-8,2.3670080295454753e-13,5.1003975235087897e-14,5.15154870806892e-13,1.7117219808371997e-11,3.562957307283318e-17,7.687659296774453e-18,7.948238545690253e-22,7.31416770919537e-33,2.204967318488702e-25,8.520996581945835e-30,8.523441888109648e-37,1.0772749177021442e-34,5.332846749791192e-36,3.078284561392105e-57,7.407730989657576e-50,1.7447420759092466e-49,4.649574529188061e-55,1.0565732868919942e-51
0.10697010207551567,0.00799862028348628,5.889509076393065e-5,0.00023912292219508045,1.2817688933598851e-6,0.00012260902027919356,1.9387823968241763e-5,4.347183660626897e-5,8.686654865704816e-8,0.0006463219398152315,1.4305275559616413e-12,1.1756716196234364e-15,2.789508794805422e-18,2.0989336129846696e-24,1.2072763987856258e-24,1.0071498538352225e-30,3.389700598266064e-26,5.675154457834995e-26,4.482066562916477e-22,1.200569519602956e-25,3.8318545925200775e-34,1.3115344758279563e-39,1.7831843279585282e-38,9.784277567659325e-43,4.561010675944413e-52,1.405136559618521e-56,1.0579062937239556e-60
0.0036680216375187804,0.006077554723718059,1.387693243475709e-7,0.000939584483231695,3.695038862209959e-6,0.0002452870523846297,0.0008683069128899038,9.594614067460636e-9,1.4195683286925465e-7,1.3469299943000762e-8,6.982371869716603e-16,2.7975517745358157e-16,1.3905102972688108e-21,2.9437881545092806e-16,6.164506152171374e-36,4.433414104986439e-18,1.165994656787331e-25,1.90452858470071e-30,2.8363634200491786e-24,3.068063240455131e-34,1.9975552745033705e-28,4.1609166722152184e-49,4.747674547910171e-43,1.2508045115394143e-45,4.089541047945848e-36,8.242074041162846e-52,2.6518202613530836e-55
0.06462935448244823,0.009153189187890492,0.0011915767848475255,7.832155335918531e-6,4.5390722707873145e-5,4.559185887304218e-5,0.0015788590391352406,1.7423385429581682e-5,1.4790692687810706e-9,3.546838122284477e-11,1.859892113370845e-14,1.8486807867672543e-12,3.3332575069438473e-13,2.1660017449251168e-16,1.0695591352470247e-20,7.126773289154542e-21,2.04612542945762e-30,1.1181911395098132e-26,1.5999845207458087e-37,1.3311261719030028e-38,2.027248285476289e-31,2.1806659480407385e-48,2.3862573574167104e-43,1.3467712966492421e-44,2.661197432446072e-55,1.7249459494051957e-55,2.0286701062783856e-46
0.0010764864593986307,9.053120439122888e-7,0.010317869781640713,0.02112212948402616,4.5390722707873145e-5,0.000128512884410556,0.009223018420377472,2.1530457768962534e-8,8.974909327331754e-7,3.2701510118959534e-7,5.08847465349148e-10,4.043431697381902e-17,7.535453683706207e-20,3.375165362495413e-23,3.81692898422948e-16,1.0502775949854052e-25,2.4354611764034385e-21,1.2074550592477975e-34,9.830799360918095e-33,2.1563394108176296e-36,2.871982558519131e-35,6.228222829094686e-45,1.421178237527604e-44,4.87368976689834e-38,4.6670725688648705e-52,1.386263717146794e-45,1.5360641347827704e-56
0.03253928579033977,0.18236478606769418,0.0005448076183558787,1.3798334886893046e-7,3.5646741441754724e-5,0.00042865116493307046,1.5898787230689837e-6,0.0017212050932873476,4.454089422499468e-5,4.714902779595088e-12,3.5553666824658525e-11,2.8336884534736323e-11,1.892840608993956e-16,2.1215510019358627e-18,1.3563620717790473e-16,3.588152249173154e-26,2.465100780862044e-27,3.848352145550996e-21,2.6385533865105174e-39,1.5715386067164846e-36,4.499708325986733e-35,3.740049700711347e-40,4.005351593465143e-45,1.0082348225903275e-39,1.4444835242719942e-62,3.6025123394420414e-49,2.020352764866821e-64
0.0002392257671616202,0.00023524426625666405,0.0018310278187448836,0.20063139790022555,0.002975719294929415,8.851741860858706e-7,0.0012805503664129001,8.514012146710641e-6,1.484707433735064e-6,9.40218049397896e-12,1.3842219370730477e-11,7.553674325454095e-10,2.095648817450575e-11,7.482576914105798e-16,2.381050601336489e-23,6.326793077069801e-20,1.2131679313401803e-31,8.486571356557953e-36,5.1515820499808696e-36,1.9851839685472696e-35,1.2938261300835113e-33,4.5211002437424517e-38,7.841004281333739e-51,3.689777522240788e-46,1.091946644964585e-52,4.890101698763162e-58,9.310813636220534e-57
0.10697010207551567,0.0040913259785523405,7.481495749630354e-6,0.017760586474719148,3.184327344365649e-6,5.083935613242892e-7,1.1083502467288265e-5,7.890368445254956e-7,4.1855270987421696e-5,5.00569450235932e-7,1.7676632603619512e-14,5.283743562026169e-18,6.758215354970921e-18,1.314118611240183e-20,1.5639293171163864e-19,8.510668750058696e-24,1.3713586590877e-30,5.309477500208781e-33,2.4503806913386724e-31,9.295740739264138e-32,4.58167659571327e-38,8.94630389150055e-39,8.462089139300086e-42,4.16382956402224e-39,1.5791508963105992e-55,4.616262192999992e-48,1.1960546976095025e-56
0.19808132004401166,0.000159896128124434,0.003958548635058254,1.4163351364203711e-5,0.00316716158873066,0.00011423336904235083,0.0002549443378835998,0.0008021641750929636,2.3674606487724945e-8,2.0617528866477372e-11,8.010581029706254e-12,1.3115086731174897e-21,6.346448309795237e-16,7.482576914105798e-16,2.4886358063050994e-27,3.9338153597536237e-28,5.621968021589087e-28,2.718128568429158e-35,3.624815522641048e-31,9.10190745988982e-32,3.1590211161726766e-31,4.898924802365949e-42,7.587027161178353e-42,1.4288811205207222e-36,2.268868552618214e-44,2.1584108171151903e-57,2.094582449164629e-65
0.019099298156636465,0.0005138121534823961,0.0006649805143433933,3.5139393796649723e-6,0.010945031718735787,1.6745222898526787e-8,0.0012088294072519219,2.5036050681400365e-7,7.13247100230493e-6,4.2281791687819466e-10,4.0355924169120284e-10,5.755665467765764e-16,2.8221124693323035e-20,1.692697357593952e-20,4.675574324715799e-25,1.2037654337082773e-25,3.7454051088764052e-28,6.550578924785288e-33,5.241555978446509e-31,5.780789946967543e-34,1.8502019847596336e-36,3.3210868771943667e-35,5.0565569515164734e-39,8.498879950779084e-49,3.050734797356806e-51,9.470019774346441e-58,1.549389120277614e-49
0.19387016993785366,0.00021190210627857067,0.0004201272907249905,0.001985801197330607,0.0007847703065127081,0.0008009516599347872,8.65561063088608e-6,3.723088873410342e-10,3.6185841535203934e-7,1.044771016587941e-6,5.7865612515264197e-11,3.5124472526460227e-9,8.293237536977143e-17,8.326116268910472e-30,4.435771010516703e-19,3.761125342736353e-17,2.8172034017734804e-27,1.1345164562948284e-37,9.03521474060667e-27,2.791979956508423e-37,1.3724328072781148e-45,2.012926366424696e-40,6.774607681452324e-46,1.946607472439928e-51,2.0014155319513534e-39,4.663408481702146e-59,2.819152924119593e-46
0.0030676213475797007,1.9763913780545158e-5,0.004265257054600033,4.001453773737672e-6,0.00023994052301437864,9.675126945537974e-5,0.00017723166853192,1.0263128738450542e-5,1.3824367992275868e-6,4.660664854028545e-10,5.660448919652182e-11,1.4168523573519624e-17,1.6804526699077996e-11,5.8592338601325656e-18,9.709668982858884e-27,1.3698408987564672e-32,2.3990343912503702e-23,7.711631664649604e-33,2.1744446611072402e-30,2.0219201155224026e-46,2.3442094632998895e-42,3.137324325143427e-48,1.7120804669588935e-36,3.3623727761059027e-54,7.776542496504095e-50,1.0133055631393507e-55,5.2991277165713776e-65
